0,0.055602466,Infer
0,0.059085051,Infer
0,0.059208111,Infer
0,0.061404565,Infer
0,0.057756965,Infer
7037,0.057200197,Infer
7037,0.059636707,Infer
7037,0.059999843,Infer
7037,0.062098899,Infer
7037,0.058382255,Infer
12673,0.062975874,Infer
12673,0.060642181,Infer
12673,0.058655615,Infer
12673,0.057713749,Infer
12673,0.063964316,Infer
18381,0.055771332,Infer
18381,0.058740821,Infer
18381,0.063530663,Infer
18381,0.059326388,Infer
18381,0.05854459,Infer
23989,0.047777685,Infer
23989,0.06099784,Infer
23989,0.066470419,Infer
23989,0.052040952,Infer
23989,0.059765982,Infer
29502,0.059126835,Infer
29502,0.056106444,Infer
29502,0.057314642,Infer
29502,0.063901912,Infer
29502,0.055672044,Infer
35086,0.054116229,Infer
35086,0.06131123,Infer
35086,0.057251191,Infer
35086,0.059007286,Infer
35086,0.060085931,Infer
40625,0.054022416,Infer
40625,0.057023264,Infer
40625,0.060292614,Infer
40625,0.058986861,Infer
40625,0.047650493,Infer
46040,0.063070293,Infer
46040,0.05519599,Infer
46040,0.058816705,Infer
46040,0.062458246,Infer
46040,0.058036144,Infer
51658,0.060735333,Infer
51658,0.058628634,Infer
51658,0.058491423,Infer
51658,0.06020478,Infer
51658,0.047849591,Infer
57145,0.055919434,Infer
57145,0.059220779,Infer
57145,0.058471563,Infer
57145,0.056067832,Infer
57145,0.062130228,Infer
62714,0.049605501,Infer
62714,0.057750177,Infer
62714,0.058915326,Infer
62714,0.056962967,Infer
62714,0.06000445,Infer
68158,0.099738171,Infer
68158,0.058904766,Infer
68158,0.062306831,Infer
68158,0.061013309,Infer
68158,0.059864006,Infer
74229,0.06767137,Infer
74229,0.063401437,Infer
74229,0.054675974,Infer
74229,0.061818908,Infer
74229,0.059908318,Infer
79970,0.054030422,Infer
79970,0.071917918,Infer
79970,0.061467024,Infer
79970,0.060451462,Infer
79970,0.059756902,Infer
85708,0.052180973,Infer
85708,0.0594298,Infer
85708,0.056936428,Infer
85708,0.060455318,Infer
85708,0.060434258,Infer
91258,0.061731116,Infer
91258,0.056189729,Infer
91258,0.060594883,Infer
91258,0.061324963,Infer
91258,0.059057239,Infer
96909,0.068489888,Infer
96909,0.057665843,Infer
96909,0.062097185,Infer
96909,0.0617001,Infer
96909,0.089794487,Infer
102949,0.048140753,Infer
102949,0.058982311,Infer
102949,0.059892926,Infer
102949,0.059991258,Infer
102949,0.063303381,Infer
108509,0.053530676,Infer
108509,0.055316187,Infer
108509,0.063987688,Infer
108509,0.058443432,Infer
108509,0.060650452,Infer
114053,0.062659711,Infer
114053,0.046216243,Infer
114053,0.055787151,Infer
114053,0.057563909,Infer
114053,0.047180242,Infer
119395,0.06230306,Infer
119395,0.058418265,Infer
119395,0.059654258,Infer
119395,0.05899191,Infer
119395,0.046918066,Infer
124916,0.048212692,Infer
124916,0.056387537,Infer
124916,0.061733306,Infer
124916,0.058133603,Infer
124916,0.062507964,Infer
130409,0.051444605,Infer
130409,0.056484697,Infer
130409,0.06098525,Infer
130409,0.059691289,Infer
130409,0.059453227,Infer
135939,0.057198076,Infer
135939,0.059064261,Infer
135939,0.05802777,Infer
135939,0.061196177,Infer
135939,0.064829153,Infer
141613,0.064447524,Infer
141613,0.062010161,Infer
141613,0.057020937,Infer
141613,0.05985814,Infer
141613,0.061597501,Infer
147523,0.058400776,Infer
147523,0.057957484,Infer
147523,0.058665904,Infer
147523,0.061179201,Infer
147523,0.058259043,Infer
153099,0.055996684,Infer
153099,0.058109812,Infer
153099,0.048202694,Infer
153099,0.056631558,Infer
153099,0.059602257,Infer
158552,0.063884258,Infer
158552,0.063161504,Infer
158552,0.057969617,Infer
158552,0.058369369,Infer
158552,0.062473438,Infer
164266,0.052856331,Infer
164266,0.064030247,Infer
164266,0.059026806,Infer
164266,0.063097024,Infer
164266,0.072664402,Infer
170013,0.05994739,Infer
170013,0.045711821,Infer
170013,0.057529468,Infer
170013,0.055816188,Infer
170013,0.047157448,Infer
175350,0.083230509,Infer
175350,0.059327512,Infer
175350,0.060488739,Infer
175350,0.05942527,Infer
175350,0.058971212,Infer
181254,0.061040085,Infer
181254,0.062606694,Infer
181254,0.058185104,Infer
181254,0.066588313,Infer
181254,0.054325316,Infer
186950,0.049068714,Infer
186950,0.055867382,Infer
186950,0.061412281,Infer
186950,0.061509927,Infer
186950,0.060053692,Infer
192476,0.063610307,Infer
192476,0.059940077,Infer
192476,0.056541413,Infer
192476,0.045463764,Infer
192476,2.685765104,Infer
224252,0.071381088,Infer
224252,0.061333547,Infer
224252,0.061122818,Infer
224252,0.058190959,Infer
224252,0.061965242,Infer
230053,0.051570688,Infer
230053,0.05845894,Infer
230053,0.058798082,Infer
230053,0.058558959,Infer
230053,0.062977198,Infer
235819,0.045131842,Infer
235819,0.057922044,Infer
235819,0.062394698,Infer
235819,0.058427901,Infer
235819,0.060330233,Infer
241300,0.063937159,Infer
241300,0.061206495,Infer
241300,0.059363744,Infer
241300,0.057266831,Infer
241300,0.059441166,Infer
246963,0.061862329,Infer
246963,0.058031436,Infer
246963,0.061109992,Infer
246963,0.062604997,Infer
246963,0.059418428,Infer
252640,0.061275444,Infer
252640,0.063456901,Infer
252640,0.05785222,Infer
252640,0.06680602,Infer
252640,0.054755576,Infer
258337,0.065223905,Infer
258337,0.060063411,Infer
258337,0.061556719,Infer
258337,0.06101441,Infer
258337,0.058175627,Infer
264048,0.053243199,Infer
264048,0.060334611,Infer
264048,0.058286641,Infer
264048,0.060938765,Infer
264048,0.057283252,Infer
269633,0.064491324,Infer
269633,0.060803973,Infer
269633,0.062329267,Infer
269633,0.062337859,Infer
269633,0.05950692,Infer
275405,0.058952181,Infer
275405,0.056956234,Infer
275405,0.061344886,Infer
275405,0.06076393,Infer
275405,0.058650739,Infer
281050,0.052706161,Infer
281050,0.058926881,Infer
281050,0.062028442,Infer
281050,0.064397036,Infer
281050,0.055380857,Infer
286643,0.060149394,Infer
286643,0.06016274,Infer
286643,0.061917988,Infer
286643,0.056448192,Infer
286643,0.047294048,Infer
292136,0.049123844,Infer
292136,0.059647895,Infer
292136,0.058066922,Infer
292136,0.062430126,Infer
292136,0.059291429,Infer
297671,0.053806854,Infer
297671,0.056867178,Infer
297671,0.05870341,Infer
297671,0.059480076,Infer
297671,0.061566056,Infer
303231,0.070316211,Infer
303231,0.062149679,Infer
303231,0.058455474,Infer
303231,0.063054463,Infer
303231,0.058975656,Infer
309001,0.045868163,Infer
309001,0.066751758,Infer
309001,0.065331679,Infer
309001,0.074144603,Infer
309001,0.061131327,Infer
314795,0.080879046,Infer
314795,0.060070539,Infer
314795,0.058236997,Infer
314795,0.063681421,Infer
314795,0.060662098,Infer
320691,0.060711883,Infer
320691,0.059961845,Infer
320691,0.086240701,Infer
320691,0.054846205,Infer
320691,0.059178982,Infer
326578,0.06005714,Infer
326578,0.058769493,Infer
326578,0.062145279,Infer
326578,0.057385535,Infer
326578,0.058981921,Infer
332195,0.061240742,Infer
332195,0.059974972,Infer
332195,0.061579076,Infer
332195,0.055007263,Infer
332195,0.059935356,Infer
337841,0.056185512,Infer
337841,0.058834528,Infer
337841,0.055681475,Infer
337841,0.047689287,Infer
337841,0.059609556,Infer
343295,0.051272032,Infer
343295,0.057778652,Infer
343295,0.05854929,Infer
343295,0.059193104,Infer
343295,0.061199426,Infer
348813,0.054237836,Infer
348813,0.060737888,Infer
348813,0.055702487,Infer
348813,0.05877975,Infer
348813,0.059139309,Infer
354410,0.051965451,Infer
354410,0.067029994,Infer
354410,0.055538347,Infer
354410,0.058110068,Infer
354410,0.058922561,Infer
359972,0.053596823,Infer
359972,0.065190272,Infer
359972,0.055208812,Infer
359972,0.055465126,Infer
359972,0.06281101,Infer
365527,0.059960748,Infer
365527,0.055654979,Infer
365527,0.063615969,Infer
365527,0.075338102,Infer
365527,0.065900542,Infer
371395,0.04992465,Infer
371395,0.057023587,Infer
371395,0.058604146,Infer
371395,0.061937452,Infer
371395,0.058295564,Infer
376923,0.06038162,Infer
376923,0.06150314,Infer
376923,0.059281521,Infer
376923,0.059550936,Infer
376923,0.059174379,Infer
382562,0.059378037,Infer
382562,0.047385951,Infer
382562,0.056800348,Infer
382562,0.05875245,Infer
382562,0.061284178,Infer
388034,0.051754803,Infer
388034,0.055105961,Infer
388034,0.061572334,Infer
388034,0.061534827,Infer
388034,0.057704829,Infer
393561,0.055227458,Infer
393561,0.063329406,Infer
393561,0.059515261,Infer
393561,0.060773184,Infer
393561,0.057039094,Infer
399212,0.050775867,Infer
399212,0.059025036,Infer
399212,0.066372606,Infer
399212,0.057406417,Infer
399212,0.059354419,Infer
404786,0.058506225,Infer
404786,0.056874544,Infer
404786,0.061030967,Infer
404786,0.064548136,Infer
404786,0.058082287,Infer
410423,0.05947916,Infer
410423,0.058928711,Infer
410423,0.058462703,Infer
410423,0.062712558,Infer
410423,0.05573219,Infer
416045,0.058629536,Infer
416045,0.056230704,Infer
416045,0.061989138,Infer
416045,0.062801991,Infer
416045,0.057173521,Infer
421662,0.060198443,Infer
421662,0.06031029,Infer
421662,0.063381618,Infer
421662,0.055183142,Infer
421662,0.061037881,Infer
427323,0.044653694,Infer
427323,0.049831537,Infer
427323,0.059842836,Infer
427323,0.056942116,Infer
427323,0.046902226,Infer
432554,0.056501943,Infer
432554,0.064109632,Infer
432554,0.061921006,Infer
432554,0.05270986,Infer
432554,0.061337762,Infer
438230,0.051456441,Infer
438230,0.057825965,Infer
438230,0.060374986,Infer
438230,0.054523515,Infer
438230,0.062403068,Infer
443747,0.051864694,Infer
443747,0.056434806,Infer
443747,0.05769862,Infer
443747,0.060414273,Infer
443747,0.061292013,Infer
449285,0.05087166,Infer
449285,0.059835364,Infer
449285,0.059998275,Infer
449285,0.061398463,Infer
449285,0.058732619,Infer
454845,0.051017377,Infer
454845,0.057310734,Infer
454845,0.063389492,Infer
454845,0.059598673,Infer
454845,0.058771608,Infer
460423,0.054595187,Infer
460423,0.060749796,Infer
460423,0.05831752,Infer
460423,0.062072725,Infer
460423,0.0583232,Infer
466016,0.065429228,Infer
466016,0.059627939,Infer
466016,0.057777694,Infer
466016,0.057780681,Infer
466016,0.062020031,Infer
471680,0.059082704,Infer
471680,0.058872823,Infer
471680,0.060193385,Infer
471680,0.060304436,Infer
471680,0.058804982,Infer
477277,0.059503784,Infer
477277,0.061321727,Infer
477277,0.083704375,Infer
477277,0.055971672,Infer
477277,0.047614151,Infer
482983,0.051178008,Infer
482983,0.058645084,Infer
482983,0.061377161,Infer
482983,0.058061026,Infer
482983,0.062954277,Infer
488583,0.055000172,Infer
488583,0.056706784,Infer
488583,0.059586848,Infer
488583,0.06351089,Infer
488583,0.063445654,Infer
494212,0.062388359,Infer
494212,0.060217734,Infer
494212,0.058760924,Infer
494212,0.062124313,Infer
494212,0.058319778,Infer
499900,0.053549549,Infer
499900,0.060908163,Infer
499900,0.057499669,Infer
499900,0.060156593,Infer
499900,0.063468101,Infer
505545,0.048302403,Infer
505545,0.059173,Infer
505545,0.058972851,Infer
505545,0.061677398,Infer
505545,0.061707602,Infer
511120,0.055205433,Infer
511120,0.060102477,Infer
511120,0.063279928,Infer
511120,0.058790861,Infer
511120,0.061251515,Infer
516748,0.049890749,Infer
516748,0.058900712,Infer
516748,0.060080375,Infer
516748,0.057478363,Infer
516748,0.058147239,Infer
522266,0.049751366,Infer
522266,0.058620923,Infer
522266,0.064734272,Infer
522266,0.059248085,Infer
522266,0.055246992,Infer
527803,0.054228463,Infer
527803,0.060175772,Infer
527803,0.055310136,Infer
527803,0.047676097,Infer
527803,0.057288921,Infer
533212,0.049048681,Infer
533212,0.066248285,Infer
533212,0.075139562,Infer
533212,0.061661944,Infer
533212,0.059505527,Infer
538987,0.058744415,Infer
538987,0.05765835,Infer
538987,0.059612724,Infer
538987,0.064450048,Infer
538987,0.054590524,Infer
544601,0.058897663,Infer
544601,0.060655837,Infer
544601,0.060831413,Infer
544601,0.056527998,Infer
544601,0.060057863,Infer
550287,0.053367394,Infer
550287,0.059361435,Infer
550287,0.059378979,Infer
550287,0.046388715,Infer
550287,0.056053088,Infer
555670,0.051405782,Infer
555670,0.058125569,Infer
555670,0.060883935,Infer
555670,0.062806047,Infer
555670,0.062625181,Infer
561295,0.050280602,Infer
561295,0.054495726,Infer
561295,0.062368114,Infer
561295,0.058479569,Infer
561295,0.058628153,Infer
566800,0.064506316,Infer
566800,0.064848759,Infer
566800,0.06176923,Infer
566800,0.062310188,Infer
566800,0.078153103,Infer
572810,0.050419036,Infer
572810,0.055605496,Infer
572810,0.059465028,Infer
572810,0.063182431,Infer
572810,0.056548504,Infer
578312,0.063668128,Infer
578312,0.059132135,Infer
578312,0.060052473,Infer
578312,0.059732212,Infer
578312,0.062813702,Infer
584019,0.055332745,Infer
584019,0.062257711,Infer
584019,0.062433703,Infer
584019,0.055814107,Infer
584019,0.064343873,Infer
589670,0.05291296,Infer
589670,0.054567297,Infer
589670,0.066448408,Infer
589670,0.055081149,Infer
589670,0.060901757,Infer
595195,0.060494937,Infer
595195,0.057859105,Infer
595195,0.059702478,Infer
595195,0.059928795,Infer
595195,0.061385928,Infer
600867,0.066120991,Infer
600867,0.062323947,Infer
600867,0.061888377,Infer
600867,0.059213317,Infer
600867,0.0588643,Infer
606603,0.049393698,Infer
606603,0.060008893,Infer
606603,0.059836896,Infer
606603,0.062864293,Infer
606603,0.061017887,Infer
612204,0.051696979,Infer
612204,0.059340225,Infer
612204,0.058536895,Infer
612204,0.066704788,Infer
612204,0.055946874,Infer
617781,0.058048322,Infer
617781,0.054507283,Infer
617781,0.059856402,Infer
617781,0.06085146,Infer
617781,0.059542488,Infer
623374,0.060939422,Infer
623374,0.059669655,Infer
623374,0.060281266,Infer
623374,0.062690504,Infer
623374,0.06101229,Infer
629065,0.070113046,Infer
629065,0.059398985,Infer
629065,0.061716708,Infer
629065,0.060156449,Infer
629065,0.05803083,Infer
634804,0.050315207,Infer
634804,0.061893422,Infer
634804,0.059489285,Infer
634804,0.058412264,Infer
634804,0.062883056,Infer
640395,0.063086995,Infer
640395,0.062055766,Infer
640395,0.134513255,Infer
640395,0.066154225,Infer
640395,0.054324962,Infer
646827,0.076195644,Infer
646827,0.055453998,Infer
646827,0.07323502,Infer
646827,0.067911167,Infer
646827,0.053994942,Infer
652768,0.050078159,Infer
652768,0.059043368,Infer
652768,0.056197719,Infer
652768,0.061976765,Infer
652768,0.057080832,Infer
658287,0.069742969,Infer
658287,0.079360372,Infer
658287,0.059216634,Infer
658287,0.062289782,Infer
658287,0.059645774,Infer
664256,0.058686881,Infer
664256,0.059909469,Infer
664256,0.062190539,Infer
664256,0.059731193,Infer
664256,0.059298345,Infer
669904,0.055368891,Infer
669904,0.057021052,Infer
669904,0.059759524,Infer
669904,0.060987477,Infer
669904,0.061027709,Infer
675510,0.063447605,Infer
675510,0.05869117,Infer
675510,0.06042366,Infer
675510,0.060132124,Infer
675510,0.061096041,Infer
681252,0.062936386,Infer
681252,0.060842193,Infer
681252,0.061164365,Infer
681252,0.061182477,Infer
681252,0.057782951,Infer
686949,0.062017997,Infer
686949,0.065054575,Infer
686949,0.059321373,Infer
686949,0.057034378,Infer
686949,0.047023756,Infer
692536,0.059417391,Infer
692536,0.061488605,Infer
692536,0.061290962,Infer
692536,0.057194988,Infer
692536,0.061248219,Infer
698217,0.077415826,Infer
698217,0.062623138,Infer
698217,0.059452288,Infer
698217,0.058441015,Infer
698217,0.061446922,Infer
704057,0.060874328,Infer
704057,0.060572334,Infer
704057,0.058266924,Infer
704057,0.061360013,Infer
704057,0.059839029,Infer
709713,0.058574449,Infer
709713,0.061001684,Infer
709713,0.058727396,Infer
709713,0.059939321,Infer
709713,0.047737573,Infer
715235,0.061829189,Infer
715235,0.061420065,Infer
715235,0.06185021,Infer
715235,0.059961028,Infer
715235,0.058413429,Infer
720903,0.057066156,Infer
720903,0.055011003,Infer
720903,0.058953054,Infer
720903,0.045466301,Infer
720903,0.057365455,Infer
726289,0.049529826,Infer
726289,0.05984921,Infer
726289,0.057857769,Infer
726289,0.057743826,Infer
726289,0.061951961,Infer
731795,0.062290743,Infer
731795,0.059179656,Infer
731795,0.060051788,Infer
731795,0.061923183,Infer
731795,0.05848171,Infer
737445,0.05080406,Infer
737445,0.062142544,Infer
737445,0.058587721,Infer
737445,0.058132482,Infer
737445,0.065179404,Infer
743055,0.059709072,Infer
743055,0.059614859,Infer
743055,0.059761827,Infer
743055,0.058789893,Infer
743055,0.063114743,Infer
748745,0.055341559,Infer
748745,0.05500829,Infer
748745,0.060188214,Infer
748745,0.058125759,Infer
748745,0.061080646,Infer
754305,0.051817458,Infer
754305,0.060220506,Infer
754305,0.066750293,Infer
754305,0.053983459,Infer
754305,0.061419158,Infer
759878,0.060937923,Infer
759878,0.05696564,Infer
759878,0.061383799,Infer
759878,0.060162934,Infer
759878,0.058261453,Infer
765496,0.078047706,Infer
765496,0.05935362,Infer
765496,0.061442327,Infer
765496,0.059852934,Infer
765496,0.06021961,Infer
771345,0.049362099,Infer
771345,0.059081649,Infer
771345,0.057227721,Infer
771345,0.061204245,Infer
771345,0.062405695,Infer
776912,0.065169591,Infer
776912,0.061163004,Infer
776912,0.061886988,Infer
776912,0.057097513,Infer
776912,0.05962751,Infer
782630,0.04640602,Infer
782630,0.058094882,Infer
782630,0.063083008,Infer
782630,0.058976438,Infer
782630,0.058033364,Infer
788115,0.059408093,Infer
788115,0.059306567,Infer
788115,0.060135878,Infer
788115,0.060208387,Infer
788115,0.059844058,Infer
793769,0.047600269,Infer
793769,0.056473884,Infer
793769,0.04662019,Infer
793769,0.056987083,Infer
793769,0.056613354,Infer
799075,0.078525926,Infer
799075,0.047121659,Infer
799075,0.057232929,Infer
799075,0.059830821,Infer
799075,0.058985763,Infer
804742,0.053935634,Infer
804742,0.059621994,Infer
804742,0.058720098,Infer
804742,0.059559572,Infer
804742,0.062896541,Infer
810323,0.051009965,Infer
810323,0.060706475,Infer
810323,0.057557201,Infer
810323,0.0619366,Infer
810323,0.061166826,Infer
815906,0.052301466,Infer
815906,0.055592535,Infer
815906,0.060627056,Infer
815906,0.061672399,Infer
815906,0.07899588,Infer
821645,0.054997701,Infer
821645,0.056634025,Infer
821645,0.063418125,Infer
821645,0.0589538,Infer
821645,0.056455933,Infer
827196,0.062770581,Infer
827196,0.057854822,Infer
827196,0.05890099,Infer
827196,0.057157175,Infer
827196,0.06285732,Infer
832852,0.049248582,Infer
832852,0.055313634,Infer
832852,0.059112042,Infer
832852,0.059353553,Infer
832852,0.06252537,Infer
838346,0.050288938,Infer
838346,0.057249939,Infer
838346,0.049259963,Infer
838346,0.056887667,Infer
838346,0.063099093,Infer
843762,0.078119895,Infer
843762,0.064222033,Infer
843762,0.06053837,Infer
843762,0.05680226,Infer
843762,0.060194089,Infer
849614,0.11182542,Infer
849614,0.053430567,Infer
849614,0.055181744,Infer
849614,0.061205028,Infer
849614,0.059093889,Infer
855662,0.052545808,Infer
855662,0.05838324,Infer
855662,0.060162746,Infer
855662,0.080944989,Infer
855662,0.058663991,Infer
861430,0.060112422,Infer
861430,0.062029144,Infer
861430,0.05847776,Infer
861430,0.060159615,Infer
861430,0.062320891,Infer
867133,0.059912854,Infer
867133,0.062504295,Infer
867133,0.059672351,Infer
867133,0.061636135,Infer
867133,0.057660708,Infer
872817,0.055057687,Infer
872817,0.06195414,Infer
872817,0.058633659,Infer
872817,0.060312305,Infer
872817,0.061761372,Infer
878474,0.062831165,Infer
878474,0.062631115,Infer
878474,0.055620858,Infer
878474,0.057994558,Infer
878474,0.061778435,Infer
884136,0.063572773,Infer
884136,0.061834708,Infer
884136,0.056615482,Infer
884136,0.060511899,Infer
884136,0.059123499,Infer
889812,0.061986962,Infer
889812,0.064926851,Infer
889812,0.058706606,Infer
889812,0.057852138,Infer
889812,0.058569913,Infer
895474,0.045593368,Infer
895474,0.062387692,Infer
895474,0.059057471,Infer
895474,0.06210638,Infer
895474,0.057906775,Infer
901004,0.05597087,Infer
901004,0.061568856,Infer
901004,0.057005115,Infer
901004,0.059387712,Infer
901004,0.060840002,Infer
906596,0.060032074,Infer
906596,0.063726766,Infer
906596,0.059463724,Infer
906596,0.058202624,Infer
906596,0.059491308,Infer
912259,0.060052586,Infer
912259,0.060030513,Infer
912259,0.060629807,Infer
912259,0.060159339,Infer
912259,0.060052211,Infer
917917,0.059728289,Infer
917917,0.061696009,Infer
917917,0.061234166,Infer
917917,0.061216389,Infer
917917,0.060510805,Infer
923614,0.060448107,Infer
923614,0.064341699,Infer
923614,0.058985473,Infer
923614,0.062653922,Infer
923614,0.054561215,Infer
929295,0.062546802,Infer
929295,0.060003958,Infer
929295,0.061872884,Infer
929295,0.058489485,Infer
929295,0.06131298,Infer
934985,0.057553211,Infer
934985,0.058156847,Infer
934985,0.062306984,Infer
934985,0.060274788,Infer
934985,0.059197396,Infer
940596,0.060407935,Infer
940596,0.058050693,Infer
940596,0.062199466,Infer
940596,0.059441252,Infer
940596,0.058749713,Infer
946249,0.049072561,Infer
946249,0.060784932,Infer
946249,0.054978357,Infer
946249,0.046155661,Infer
946249,0.055527575,Infer
951588,0.049558683,Infer
951588,0.059067609,Infer
951588,0.059036348,Infer
951588,0.06267443,Infer
951588,0.05866265,Infer
957152,0.063283297,Infer
957152,0.060969263,Infer
957152,0.059276751,Infer
957152,0.059784191,Infer
957152,0.062890447,Infer
962896,0.062110031,Infer
962896,0.059504813,Infer
962896,0.062308044,Infer
962896,0.058508945,Infer
962896,0.058994232,Infer
968535,0.062109887,Infer
968535,0.062709672,Infer
968535,0.060862599,Infer
968535,0.059355625,Infer
968535,0.058080556,Infer
974212,0.066334363,Infer
974212,0.062265528,Infer
974212,0.058989012,Infer
974212,0.060913012,Infer
974212,0.054582793,Infer
979903,0.058069642,Infer
979903,0.056775544,Infer
979903,0.05979106,Infer
979903,0.059692943,Infer
979903,0.058969892,Infer
985488,0.05347561,Infer
985488,0.054695476,Infer
985488,0.062755186,Infer
985488,0.05837289,Infer
985488,0.062960782,Infer
991057,0.061288695,Infer
991057,0.05990668,Infer
991057,0.062697917,Infer
991057,0.058549808,Infer
991057,0.061410083,Infer
996730,0.050237888,Infer
996730,0.055173414,Infer
996730,0.062344688,Infer
996730,0.060340249,Infer
996730,0.056482288,Infer
1002242,0.064098567,Infer
1002242,0.060730928,Infer
1002242,0.057463513,Infer
1002242,0.058364447,Infer
1002242,0.063810253,Infer
1008062,0.055839606,Infer
1008062,0.058136829,Infer
1008062,0.061749517,Infer
1008062,0.055631393,Infer
1008062,0.059501955,Infer
1013655,0.048864352,Infer
1013655,0.055275185,Infer
1013655,0.058707004,Infer
1013655,0.046642843,Infer
1013655,0.057373214,Infer
1018954,0.060802209,Infer
1018954,0.059840311,Infer
1018954,0.058892522,Infer
1018954,0.062249868,Infer
1018954,0.05831639,Infer
1024621,0.056499635,Infer
1024621,0.06166287,Infer
1024621,0.057890233,Infer
1024621,0.058287987,Infer
1024621,0.059944453,Infer
1030224,0.054342228,Infer
1030224,0.058462859,Infer
1030224,0.060428155,Infer
1030224,0.060816295,Infer
1030224,0.059628737,Infer
1035814,0.06006848,Infer
1035814,0.062223434,Infer
1035814,0.062297215,Infer
1035814,0.059380812,Infer
1035814,0.059369317,Infer
1041512,0.046799125,Infer
1041512,0.056839833,Infer
1041512,0.061279674,Infer
1041512,0.045400545,Infer
1041512,0.058607594,Infer
1046846,0.066939147,Infer
1046846,0.063681527,Infer
1046846,0.054746616,Infer
1046846,0.058719487,Infer
1046846,0.059383007,Infer
1052562,0.046160638,Infer
1052562,0.046916979,Infer
1052562,0.056848036,Infer
1052562,0.056476285,Infer
1052562,0.045304432,Infer
1057797,0.055692829,Infer
1057797,0.063286592,Infer
1057797,0.060507844,Infer
1057797,0.060252971,Infer
1057797,0.060960155,Infer
1063443,0.051813651,Infer
1063443,0.059041508,Infer
1063443,0.060402899,Infer
1063443,0.061273728,Infer
1063443,0.059826582,Infer
1069012,0.061278983,Infer
1069012,0.061868917,Infer
1069012,0.058491334,Infer
1069012,0.059137493,Infer
1069012,0.047722873,Infer
1074547,0.048517471,Infer
1074547,0.05803701,Infer
1074547,0.059084804,Infer
1074547,0.061125298,Infer
1074547,0.059352178,Infer
1080060,0.057749794,Infer
1080060,0.045597651,Infer
1080060,0.054688809,Infer
1080060,0.057788953,Infer
1080060,0.04512818,Infer
1085303,0.051935277,Infer
1085303,0.063591912,Infer
1085303,0.059750895,Infer
1085303,0.056255268,Infer
1085303,0.081076301,Infer
1091062,0.056074982,Infer
1091062,0.057567148,Infer
1091062,0.042406987,Infer
1091062,0.057346407,Infer
1091062,0.059506968,Infer
1096445,0.051027174,Infer
1096445,0.058680699,Infer
1096445,0.058409416,Infer
1096445,0.060328688,Infer
1096445,0.061514548,Infer
1102019,0.055557063,Infer
1102019,0.05838464,Infer
1102019,0.064372419,Infer
1102019,0.055905157,Infer
1102019,0.064503633,Infer
1107664,0.049653534,Infer
1107664,0.058699965,Infer
1107664,0.060654332,Infer
1107664,0.043969631,Infer
1107664,0.060124843,Infer
1113071,0.053074835,Infer
1113071,0.049749655,Infer
1113071,0.061084013,Infer
1113071,0.060332362,Infer
1113071,0.059099744,Infer
1118551,0.048797864,Infer
1118551,0.058120645,Infer
1118551,0.057469932,Infer
1118551,0.059168093,Infer
1118551,0.059164148,Infer
1124033,0.050955685,Infer
1124033,0.0729236,Infer
1124033,0.064869505,Infer
1124033,0.058126075,Infer
1124033,0.056663221,Infer
1129712,0.063331689,Infer
1129712,0.05948085,Infer
1129712,0.059799094,Infer
1129712,0.061059969,Infer
1129712,0.078405765,Infer
1135617,0.057934124,Infer
1135617,0.062199417,Infer
1135617,0.061229631,Infer
1135617,0.058227019,Infer
1135617,0.063147785,Infer
1141298,0.060209148,Infer
1141298,0.059908972,Infer
1141298,0.057280367,Infer
1141298,0.060771177,Infer
1141298,0.060290265,Infer
1146933,0.071751999,Infer
1146933,0.074540835,Infer
1146933,0.062252344,Infer
1146933,0.061033835,Infer
1146933,0.054639677,Infer
1152812,0.048414065,Infer
1152812,0.054777233,Infer
1152812,0.060874006,Infer
1152812,0.060095709,Infer
1152812,0.060437169,Infer
1158319,0.061533238,Infer
1158319,0.057927714,Infer
1158319,0.05722769,Infer
1158319,0.046196265,Infer
1158319,0.057277925,Infer
1163761,0.055779953,Infer
1163761,0.062003843,Infer
1163761,0.058482985,Infer
1163761,0.057818051,Infer
1163761,0.061102658,Infer
1169362,0.055941819,Infer
1169362,0.059970516,Infer
1169362,0.06033768,Infer
1169362,0.059304553,Infer
1169362,0.059480311,Infer
1174995,0.070689516,Infer
1174995,0.052626659,Infer
1174995,0.059389227,Infer
1174995,0.059478879,Infer
1174995,0.059312558,Infer
1180662,0.055702228,Infer
1180662,0.058597656,Infer
1180662,0.062576822,Infer
1180662,0.058843773,Infer
1180662,0.061017858,Infer
1186283,0.055997136,Infer
1186283,0.059305085,Infer
1186283,0.056395828,Infer
1186283,0.060671882,Infer
1186283,0.062181986,Infer
1191890,0.048147358,Infer
1191890,0.060910183,Infer
1191890,0.057764929,Infer
1191890,0.058500237,Infer
1191890,0.046206945,Infer
1197262,0.057112592,Infer
1197262,0.059074849,Infer
1197262,0.059512529,Infer
1197262,0.06200036,Infer
1197262,0.05878852,Infer
1202862,0.052525768,Infer
1202862,0.046342655,Infer
1202862,0.054976197,Infer
1202862,0.061313615,Infer
1202862,0.058778351,Infer
1208251,0.065433678,Infer
1208251,0.062162403,Infer
1208251,0.056570967,Infer
1208251,0.059723238,Infer
1208251,0.062642892,Infer
1213973,0.062011376,Infer
1213973,0.093784312,Infer
1213973,0.050818111,Infer
1213973,0.055888938,Infer
1213973,0.061408637,Infer
1219882,0.055182121,Infer
1219882,0.059333016,Infer
1219882,0.065956494,Infer
1219882,0.055083037,Infer
1219882,0.057238868,Infer
1225467,0.050605575,Infer
1225467,0.058605669,Infer
1225467,0.058765801,Infer
1225467,0.061643047,Infer
1225467,0.058636658,Infer
1231012,0.061673618,Infer
1231012,0.057601683,Infer
1231012,0.047401392,Infer
1231012,0.0576523,Infer
1231012,0.055928701,Infer
1236498,0.059808605,Infer
1236498,0.056549741,Infer
1236498,0.062520664,Infer
1236498,0.057652367,Infer
1236498,0.062244915,Infer
1242137,0.058318428,Infer
1242137,0.060947074,Infer
1242137,0.060196876,Infer
1242137,0.059243831,Infer
1242137,0.057954198,Infer
1247754,0.060122738,Infer
1247754,0.078477263,Infer
1247754,0.062462892,Infer
1247754,0.062571261,Infer
1247754,0.060985206,Infer
1253648,0.049380573,Infer
1253648,0.057724259,Infer
1253648,0.058272949,Infer
1253648,0.059835852,Infer
1253648,0.061157037,Infer
1259171,0.061744463,Infer
1259171,0.06039368,Infer
1259171,0.046931003,Infer
1259171,0.055872161,Infer
1259171,0.075267278,Infer
1264845,0.066513422,Infer
1264845,0.059889087,Infer
1264845,0.061850312,Infer
1264845,0.059865035,Infer
1264845,0.061414492,Infer
1270602,0.05487113,Infer
1270602,0.057814704,Infer
1270602,0.060204079,Infer
1270602,0.058419024,Infer
1270602,0.060301235,Infer
1276175,0.060660659,Infer
1276175,0.060099247,Infer
1276175,0.059280098,Infer
1276175,0.059683093,Infer
1276175,0.060711934,Infer
1281833,0.063711532,Infer
1281833,0.060753157,Infer
1281833,0.057681092,Infer
1281833,0.059458095,Infer
1281833,0.059628286,Infer
1287498,0.054742442,Infer
1287498,0.062165666,Infer
1287498,0.063201863,Infer
1287498,0.05523626,Infer
1287498,0.075053963,Infer
1293253,0.062426011,Infer
1293253,0.060225265,Infer
1293253,0.060719583,Infer
1293253,0.059059277,Infer
1293253,0.063276963,Infer
1298972,0.059981382,Infer
1298972,0.061808572,Infer
1298972,0.062475481,Infer
1298972,0.059071322,Infer
1298972,0.05881618,Infer
1304652,0.061962827,Infer
1304652,0.059769502,Infer
1304652,0.060110496,Infer
1304652,0.059418645,Infer
1304652,0.059856613,Infer
1310319,0.056232939,Infer
1310319,0.058788556,Infer
1310319,0.076124504,Infer
1310319,0.062340385,Infer
1310319,0.062567347,Infer
1316113,0.047723496,Infer
1316113,0.061356469,Infer
1316113,0.060034974,Infer
1316113,0.055935897,Infer
1316113,0.058773532,Infer
1321583,0.052535941,Infer
1321583,0.060217205,Infer
1321583,0.062090001,Infer
1321583,0.059431538,Infer
1321583,0.059939172,Infer
1327185,0.051629466,Infer
1327185,0.05661361,Infer
1327185,0.045600671,Infer
1327185,0.0551226,Infer
1327185,0.059736494,Infer
1332524,0.050436637,Infer
1332524,0.062463562,Infer
1332524,0.058943031,Infer
1332524,0.060334029,Infer
1332524,0.060570563,Infer
1338114,0.060552035,Infer
1338114,0.063356162,Infer
1338114,0.05763953,Infer
1338114,0.061509897,Infer
1338114,0.064026447,Infer
1343822,0.054031286,Infer
1343822,0.060421725,Infer
1343822,0.061211603,Infer
1343822,0.060593685,Infer
1343822,0.056231397,Infer
1349397,0.058088466,Infer
1349397,0.04731642,Infer
1349397,0.056562033,Infer
1349397,0.061235926,Infer
1349397,0.055884085,Infer
1354830,0.048390516,Infer
1354830,0.059084281,Infer
1354830,0.058465576,Infer
1354830,0.062083823,Infer
1354830,0.060341518,Infer
1360339,0.054418993,Infer
1360339,0.04714536,Infer
1360339,0.056717076,Infer
1360339,0.060776871,Infer
1360339,0.060543406,Infer
1365771,0.046340902,Infer
1365771,0.054914802,Infer
1365771,0.062332362,Infer
1365771,0.060515233,Infer
1365771,0.077220378,Infer
1371445,0.053067346,Infer
1371445,0.096601653,Infer
1371445,0.068500959,Infer
1371445,0.050560947,Infer
1371445,0.06786022,Infer
1377490,0.059061788,Infer
1377490,0.06196006,Infer
1377490,0.060753514,Infer
1377490,0.059850604,Infer
1377490,0.058617043,Infer
1383187,0.063982817,Infer
1383187,0.060758886,Infer
1383187,0.06344012,Infer
1383187,0.058933773,Infer
1383187,0.058702499,Infer
1388912,0.061326542,Infer
1388912,0.061961671,Infer
1388912,0.061197699,Infer
1388912,0.059848122,Infer
1388912,0.060272878,Infer
1394606,0.047512421,Infer
1394606,0.059259172,Infer
1394606,0.062475313,Infer
1394606,0.060630312,Infer
1394606,0.058022818,Infer
1400138,0.054467624,Infer
1400138,0.046901056,Infer
1400138,0.056718649,Infer
1400138,0.056144325,Infer
1400138,0.046331436,Infer
1405392,0.062436655,Infer
1405392,0.062534351,Infer
1405392,0.058217644,Infer
1405392,0.05890235,Infer
1405392,0.061753008,Infer
1411083,0.052543123,Infer
1411083,0.05951835,Infer
1411083,0.059357891,Infer
1411083,0.059399619,Infer
1411083,0.06125645,Infer
1416657,0.059596056,Infer
1416657,0.057920024,Infer
1416657,0.063797261,Infer
1416657,0.061510396,Infer
1416657,0.057597427,Infer
1422289,0.050056067,Infer
1422289,0.054575251,Infer
1422289,0.060267925,Infer
1422289,0.062475908,Infer
1422289,0.058867059,Infer
1427782,0.073863417,Infer
1427782,0.068273326,Infer
1427782,0.058068935,Infer
1427782,0.075268163,Infer
1427782,0.058995517,Infer
1433758,0.055674908,Infer
1433758,0.061604988,Infer
1433758,0.05944514,Infer
1433758,0.059458262,Infer
1433758,0.060250662,Infer
1439373,0.06164073,Infer
1439373,0.059248594,Infer
1439373,0.061535895,Infer
1439373,0.060565073,Infer
1439373,0.056742513,Infer
1445002,0.056900572,Infer
1445002,0.054885778,Infer
1445002,0.060833312,Infer
1445002,0.059687275,Infer
1445002,0.062276581,Infer
1450669,0.062509059,Infer
1450669,0.047280324,Infer
1450669,0.055540343,Infer
1450669,0.059644695,Infer
1450669,0.060017293,Infer
1456174,0.060172818,Infer
1456174,0.06310001,Infer
1456174,0.055547981,Infer
1456174,0.059816281,Infer
1456174,0.062965245,Infer
1461843,0.048624283,Infer
1461843,0.045779215,Infer
1461843,0.057732574,Infer
1461843,0.058706758,Infer
1461843,0.045547626,Infer
1467053,0.059484173,Infer
1467053,0.062089888,Infer
1467053,0.060961591,Infer
1467053,0.060752775,Infer
1467053,0.056486297,Infer
1472704,0.049831565,Infer
1472704,0.064144397,Infer
1472704,0.057602652,Infer
1472704,0.05949617,Infer
1472704,0.059011315,Infer
1478254,0.062216328,Infer
1478254,0.056219793,Infer
1478254,0.059809687,Infer
1478254,0.060527247,Infer
1478254,0.047628567,Infer
1483781,0.056950796,Infer
1483781,0.058924355,Infer
1483781,0.057954885,Infer
1483781,0.061331401,Infer
1483781,0.058361834,Infer
1489345,0.087580094,Infer
1489345,0.065713054,Infer
1489345,0.055753437,Infer
1489345,0.060539873,Infer
1489345,0.06202696,Infer
1495295,0.060476658,Infer
1495295,0.061560557,Infer
1495295,0.061745777,Infer
1495295,0.057890535,Infer
1495295,0.060847168,Infer
1500962,0.05392834,Infer
1500962,0.061396946,Infer
1500962,0.057128426,Infer
1500962,0.063113937,Infer
1500962,0.057354774,Infer
1506533,0.062716402,Infer
1506533,0.058521558,Infer
1506533,0.05772839,Infer
1506533,0.061625972,Infer
1506533,0.060203494,Infer
1512196,0.056513701,Infer
1512196,0.061231301,Infer
1512196,0.061108791,Infer
1512196,0.062904162,Infer
1512196,0.056666424,Infer
1517823,0.091315897,Infer
1517823,0.061664291,Infer
1517823,0.062204644,Infer
1517823,0.058852272,Infer
1517823,0.062174769,Infer
1523833,0.059381577,Infer
1523833,0.071751665,Infer
1523833,0.050619486,Infer
1523833,0.069721752,Infer
1523833,0.067562722,Infer
1529689,0.049723063,Infer
1529689,0.071962654,Infer
1529689,0.066324117,Infer
1529689,0.056668502,Infer
1529689,0.057834178,Infer
1535367,0.04823998,Infer
1535367,0.060636758,Infer
1535367,0.059650124,Infer
1535367,0.059236532,Infer
1535367,0.059589497,Infer
1540880,0.058070214,Infer
1540880,0.058888951,Infer
1540880,0.058063589,Infer
1540880,0.059182719,Infer
1540880,0.059285916,Infer
1546445,0.05647786,Infer
1546445,0.053769901,Infer
1546445,0.059442869,Infer
1546445,0.058006888,Infer
1546445,0.062430836,Infer
1551971,0.051146762,Infer
1551971,0.057115608,Infer
1551971,0.059906587,Infer
1551971,0.061137929,Infer
1551971,0.059521113,Infer
1557635,0.062988995,Infer
1557635,0.056306958,Infer
1557635,0.060008676,Infer
1557635,0.058423204,Infer
1557635,0.063510064,Infer
1563274,0.058809406,Infer
1563274,0.044958605,Infer
1563274,0.056135372,Infer
1563274,0.061155173,Infer
1563274,0.05818243,Infer
1568716,0.05759694,Infer
1568716,0.058389473,Infer
1568716,0.063605414,Infer
1568716,0.055558983,Infer
1568716,0.06168529,Infer
1574320,0.051211309,Infer
1574320,0.060888496,Infer
1574320,0.057972463,Infer
1574320,0.063698127,Infer
1574320,0.056272401,Infer
1579900,0.058115386,Infer
1579900,0.056336596,Infer
1579900,0.060334415,Infer
1579900,0.058739222,Infer
1579900,0.112320184,Infer
1585995,0.056158336,Infer
1585995,0.06001949,Infer
1585995,0.063176828,Infer
1585995,0.058985397,Infer
1585995,0.059209158,Infer
1591612,0.055985058,Infer
1591612,0.061209928,Infer
1591612,0.061372326,Infer
1591612,0.05912702,Infer
1591612,0.060292715,Infer
1597271,0.049686162,Infer
1597271,0.058084066,Infer
1597271,0.05765461,Infer
1597271,0.062430814,Infer
1597271,0.060548165,Infer
1602773,0.061269248,Infer
1602773,0.06001944,Infer
1602773,0.060693043,Infer
1602773,0.059609004,Infer
1602773,0.059860348,Infer
1608462,0.054367283,Infer
1608462,0.057371952,Infer
1608462,0.061159695,Infer
1608462,0.057356758,Infer
1608462,0.061310045,Infer
1614012,0.063389145,Infer
1614012,0.059668301,Infer
1614012,0.060527398,Infer
1614012,0.055654209,Infer
1614012,0.059958319,Infer
1619652,0.042720364,Infer
1619652,0.060097946,Infer
1619652,0.075873803,Infer
1619652,0.059271079,Infer
1619652,0.058614834,Infer
1625297,0.058061858,Infer
1625297,0.061341296,Infer
1625297,0.062368039,Infer
1625297,0.053405863,Infer
1625297,0.061555647,Infer
1630947,0.063067848,Infer
1630947,0.062908257,Infer
1630947,0.061454708,Infer
1630947,0.057954003,Infer
1630947,0.059718687,Infer
1636652,0.060398136,Infer
1636652,0.06033283,Infer
1636652,0.062698183,Infer
1636652,0.058662611,Infer
1636652,0.06392728,Infer
1642336,0.05775396,Infer
1642336,0.059844318,Infer
1642336,0.057430067,Infer
1642336,0.059862865,Infer
1642336,0.063505356,Infer
1647982,0.053139336,Infer
1647982,0.061216916,Infer
1647982,0.056800656,Infer
1647982,0.061430678,Infer
1647982,0.062939646,Infer
1653578,0.057843267,Infer
1653578,0.057765758,Infer
1653578,0.059815589,Infer
1653578,0.05851183,Infer
1653578,0.0589492,Infer
1659157,0.053027226,Infer
1659157,0.058312673,Infer
1659157,0.060147811,Infer
1659157,0.062559821,Infer
1659157,0.057164427,Infer
1664750,0.047500965,Infer
1664750,0.057194337,Infer
1664750,0.060919068,Infer
1664750,0.055706248,Infer
1664750,0.064169319,Infer
1670258,0.056493431,Infer
1670258,0.059567671,Infer
1670258,0.066042389,Infer
1670258,0.052425063,Infer
1670258,0.062381032,Infer
1675875,0.059198646,Infer
1675875,0.058539228,Infer
1675875,0.058959135,Infer
1675875,0.058515377,Infer
1675875,0.061896585,Infer
1681500,0.055929593,Infer
1681500,0.059567729,Infer
1681500,0.056738493,Infer
1681500,0.060729926,Infer
1681500,0.058066127,Infer
1687069,0.063208939,Infer
1687069,0.060626742,Infer
1687069,0.061335419,Infer
1687069,0.057195708,Infer
1687069,0.059650284,Infer
1692745,0.050048817,Infer
1692745,0.058777635,Infer
1692745,0.057619464,Infer
1692745,0.063037967,Infer
1692745,0.059142775,Infer
1698286,0.049619143,Infer
1698286,0.055762029,Infer
1698286,0.05895215,Infer
1698286,0.060374631,Infer
1698286,0.066183771,Infer
1703838,0.058660416,Infer
1703838,0.057553816,Infer
1703838,0.058323539,Infer
1703838,0.062347588,Infer
1703838,0.063887907,Infer
1709498,0.118397161,Infer
1709498,0.055812026,Infer
1709498,0.078423675,Infer
1709498,0.060720515,Infer
1709498,0.056486499,Infer
1720283,0.06370971,Infer
1720283,0.05784321,Infer
1720283,0.062711001,Infer
1720283,0.060207141,Infer
1720283,0.059707013,Infer
1726051,0.071002127,Infer
1726051,0.050676667,Infer
1726051,0.059589148,Infer
1726051,0.046569129,Infer
1726051,0.05710129,Infer
1731557,0.060330886,Infer
1731557,0.060979893,Infer
1731557,0.061943948,Infer
1731557,0.057295044,Infer
1731557,0.05892514,Infer
1737152,0.061780628,Infer
1737152,0.058490831,Infer
1737152,0.061975708,Infer
1737152,0.058684381,Infer
1737152,0.062207697,Infer
1742824,0.054969798,Infer
1742824,0.054487605,Infer
1742824,0.046377401,Infer
1742824,0.059169433,Infer
1742824,0.059595035,Infer
1748201,0.049698107,Infer
1748201,0.060081102,Infer
1748201,0.059375756,Infer
1748201,0.060425262,Infer
1748201,0.058685477,Infer
1753770,0.062951438,Infer
1753770,0.058801665,Infer
1753770,0.062612627,Infer
1753770,0.059164513,Infer
1753770,0.060662501,Infer
1759451,0.067724623,Infer
1759451,0.071921032,Infer
1759451,0.079528118,Infer
1759451,0.063127982,Infer
1759451,0.061309349,Infer
1765540,0.052880496,Infer
1765540,0.058917708,Infer
1765540,0.059182624,Infer
1765540,0.059673507,Infer
1765540,0.061350896,Infer
1771133,0.062063228,Infer
1771133,0.059352037,Infer
1771133,0.062857172,Infer
1771133,0.061517854,Infer
1771133,0.058003066,Infer
1776804,0.048736731,Infer
1776804,0.056606349,Infer
1776804,0.06045942,Infer
1776804,0.059339384,Infer
1776804,0.060582413,Infer
1782348,0.063675805,Infer
1782348,0.06057654,Infer
1782348,0.061797938,Infer
1782348,0.060745888,Infer
1782348,0.059572761,Infer
1788035,0.04950056,Infer
1788035,0.059539009,Infer
1788035,0.057304852,Infer
1788035,0.06172017,Infer
1788035,0.063154617,Infer
1793707,0.050673016,Infer
1793707,0.055944666,Infer
1793707,0.061659509,Infer
1793707,0.059591627,Infer
1793707,0.05975946,Infer
1799219,0.057178441,Infer
1799219,0.059154839,Infer
1799219,0.056518606,Infer
1799219,0.063810406,Infer
1799219,0.059539833,Infer
