0,0.001361229,Retrieve
0,0.00228898,Increment
616,0.001029108,Retrieve
616,0.002047512,Increment
1228,0.000991495,Retrieve
1228,0.002109147,Increment
1842,0.001254305,Retrieve
1842,0.002195774,Increment
2459,0.001291916,Retrieve
2459,0.002463311,Increment
3073,0.000995344,Retrieve
3073,0.002086047,Increment
3687,0.001266832,Retrieve
3687,0.002343398,Increment
4301,0.000985425,Retrieve
4301,0.002067113,Increment
4916,0.001270245,Retrieve
4916,0.002422993,Increment
5528,0.001006373,Retrieve
5528,0.002135056,Increment
6145,0.001200813,Retrieve
6145,0.002428213,Increment
6761,0.001270304,Retrieve
6761,0.002427103,Increment
7377,0.001255432,Retrieve
7377,0.002271173,Increment
7995,0.001266538,Retrieve
7995,0.002379112,Increment
8612,0.001061411,Retrieve
8612,0.002089018,Increment
9226,0.001069972,Retrieve
9226,0.002127306,Increment
9839,0.001256237,Retrieve
9839,0.002301967,Increment
10457,0.001327381,Retrieve
10457,0.002455784,Increment
11070,0.001258839,Retrieve
11070,0.002336951,Increment
11683,0.001258243,Retrieve
11683,0.00236128,Increment
12298,0.000981834,Retrieve
12298,0.002140838,Increment
12916,0.00128578,Retrieve
12916,0.002428271,Increment
13531,0.001010276,Retrieve
13531,0.001993304,Increment
14145,0.001304927,Retrieve
14145,0.002429625,Increment
14760,0.001323514,Retrieve
14760,0.002288884,Increment
15375,0.000987245,Retrieve
15375,0.002037928,Increment
15991,0.001251096,Retrieve
15991,0.002371315,Increment
16605,0.000972769,Retrieve
16605,0.002181952,Increment
17220,0.000980702,Retrieve
17220,0.002077982,Increment
17832,0.001384748,Retrieve
17832,0.002393496,Increment
18445,0.001245797,Retrieve
18445,0.002420419,Increment
19063,0.001265587,Retrieve
19063,0.002446918,Increment
19678,0.00126238,Retrieve
19678,0.002454126,Increment
20293,0.000985554,Retrieve
20293,0.002164164,Increment
20910,0.001261904,Retrieve
20910,0.002464255,Increment
21528,0.000978658,Retrieve
21528,0.002256162,Increment
22145,0.000957146,Retrieve
22145,0.002206978,Increment
22761,0.000978872,Retrieve
22761,0.002095309,Increment
23375,0.001075127,Retrieve
23375,0.002270037,Increment
23988,0.001290441,Retrieve
23988,0.002386724,Increment
24603,0.001018837,Retrieve
24603,0.002164808,Increment
25216,0.001012161,Retrieve
25216,0.002438498,Increment
25831,0.001265653,Retrieve
25831,0.002419624,Increment
26446,0.001637573,Retrieve
26446,0.002794543,Increment
27066,0.00162694,Retrieve
27066,0.002894054,Increment
27681,0.000996175,Retrieve
27681,0.002114624,Increment
28295,0.000964725,Retrieve
28295,0.002156363,Increment
28913,0.00128807,Retrieve
28913,0.00236925,Increment
29530,0.001025006,Retrieve
29530,0.002071605,Increment
30145,0.000985865,Retrieve
30145,0.002123508,Increment
30761,0.000976951,Retrieve
30761,0.002172677,Increment
31374,0.000979053,Retrieve
31374,0.002271525,Increment
31992,0.000983768,Retrieve
31992,0.002119602,Increment
32605,0.000981776,Retrieve
32605,0.002238158,Increment
33220,0.000977128,Retrieve
33220,0.002105481,Increment
33839,0.001245946,Retrieve
33839,0.002291803,Increment
34455,0.000995666,Retrieve
34455,0.002113458,Increment
35072,0.001265043,Retrieve
35072,0.002426853,Increment
35685,0.001243089,Retrieve
35685,0.002419515,Increment
36299,0.001003425,Retrieve
36299,0.002215535,Increment
36916,0.001283239,Retrieve
36916,0.002463331,Increment
37530,0.000999041,Retrieve
37530,0.00216326,Increment
38145,0.001250368,Retrieve
38145,0.002264763,Increment
38762,0.001018572,Retrieve
38762,0.002071767,Increment
39378,0.000978006,Retrieve
39378,0.002026183,Increment
39995,0.001250152,Retrieve
39995,0.002433043,Increment
40609,0.001246445,Retrieve
40609,0.002352704,Increment
41223,0.001257631,Retrieve
41223,0.002382008,Increment
41837,0.001376087,Retrieve
41837,0.002561792,Increment
42451,0.001008628,Retrieve
42451,0.002030526,Increment
43066,0.000974715,Retrieve
43066,0.002124806,Increment
43679,0.001270402,Retrieve
43679,0.002381904,Increment
44295,0.001598969,Retrieve
44295,0.002857401,Increment
44916,0.001276179,Retrieve
44916,0.002416392,Increment
45534,0.000986369,Retrieve
45534,0.002222805,Increment
46148,0.000917505,Retrieve
46148,0.002041734,Increment
46761,0.001249914,Retrieve
46761,0.002484346,Increment
47377,0.001361583,Retrieve
47377,0.002582583,Increment
47995,0.000996883,Retrieve
47995,0.002168156,Increment
48610,0.000966432,Retrieve
48610,0.002119611,Increment
49225,0.00124599,Retrieve
49225,0.002338016,Increment
49845,0.000991862,Retrieve
49845,0.001980375,Increment
50461,0.001360603,Retrieve
50461,0.002549883,Increment
51078,0.00096526,Retrieve
51078,0.002035549,Increment
51695,0.001041037,Retrieve
51695,0.002357142,Increment
52310,0.000984754,Retrieve
52310,0.002116509,Increment
52928,0.001661517,Retrieve
52928,0.002341649,Increment
53545,0.001252091,Retrieve
53545,0.002374358,Increment
54161,0.001259849,Retrieve
54161,0.002394795,Increment
54779,0.000987273,Retrieve
54779,0.00212627,Increment
55395,0.001049538,Retrieve
55395,0.002054077,Increment
56009,0.001024958,Retrieve
56009,0.002192939,Increment
56626,0.001550765,Retrieve
56626,0.002893338,Increment
57245,0.00097614,Retrieve
57245,0.002089351,Increment
57861,0.001054613,Retrieve
57861,0.002069648,Increment
58478,0.000965003,Retrieve
58478,0.002197062,Increment
59090,0.000988568,Retrieve
59090,0.00793932,Increment
59711,0.001059718,Retrieve
59711,0.011429347,Increment
60333,0.001280823,Retrieve
60333,0.008498032,Increment
60953,0.001262496,Retrieve
60953,0.008228961,Increment
61574,0.001263514,Retrieve
61574,0.009638459,Increment
62197,0.001001286,Retrieve
62197,0.008051672,Increment
62818,0.000983532,Retrieve
62818,0.007421768,Increment
63436,0.001050186,Retrieve
63436,0.007589995,Increment
64054,0.001560719,Retrieve
64054,0.009199293,Increment
64678,0.001022106,Retrieve
64678,0.016261595,Increment
65310,0.001255077,Retrieve
65310,0.009557623,Increment
65932,0.001244827,Retrieve
65932,0.007975443,Increment
66556,0.001235392,Retrieve
66556,0.009596148,Increment
67180,0.001247509,Retrieve
67180,0.008391157,Increment
67800,0.001277456,Retrieve
67800,0.008676521,Increment
68423,0.001244623,Retrieve
68423,0.00947684,Increment
69045,0.002953588,Retrieve
69045,0.009758913,Increment
69711,0.001253362,Retrieve
69711,0.008874725,Increment
70331,0.001460316,Retrieve
70331,0.008966874,Increment
70993,0.00157566,Retrieve
70993,0.008844419,Increment
71650,0.001359783,Retrieve
71650,0.007684869,Increment
72268,0.001268504,Retrieve
72268,0.007452648,Increment
72887,0.001412262,Retrieve
72887,0.009640541,Increment
73546,0.001273097,Retrieve
73546,0.007690504,Increment
74170,0.001423081,Retrieve
74170,0.008329015,Increment
74826,0.001262553,Retrieve
74826,0.009499538,Increment
75450,0.001486478,Retrieve
75450,0.0104856,Increment
76107,0.001387148,Retrieve
76107,0.008370023,Increment
76765,0.001521561,Retrieve
76765,0.007707108,Increment
77425,0.001253076,Retrieve
77425,0.009314548,Increment
78046,0.001258358,Retrieve
78046,0.008121812,Increment
78666,0.001238496,Retrieve
78666,0.010716419,Increment
79288,0.00125469,Retrieve
79288,0.009066184,Increment
79911,0.001245198,Retrieve
79911,0.009336142,Increment
80537,0.00157533,Retrieve
80537,0.008613635,Increment
81200,0.001483498,Retrieve
81200,0.011420984,Increment
81828,0.0012558,Retrieve
81828,0.007854992,Increment
82447,0.00143156,Retrieve
82447,0.008123511,Increment
83109,0.001444197,Retrieve
83109,0.008751471,Increment
83778,0.001458904,Retrieve
83778,0.008146264,Increment
84439,0.001897885,Retrieve
84439,0.010526964,Increment
85102,0.001274179,Retrieve
85102,0.008631824,Increment
85726,0.001273469,Retrieve
85726,0.008531867,Increment
86348,0.001401614,Retrieve
86348,0.009590405,Increment
87012,0.001252507,Retrieve
87012,0.00822648,Increment
87635,0.001255891,Retrieve
87635,0.008778233,Increment
88258,0.001388887,Retrieve
88258,0.008302208,Increment
88916,0.001264891,Retrieve
88916,0.007844199,Increment
89534,0.001255721,Retrieve
89534,0.009516424,Increment
90159,0.001263472,Retrieve
90159,0.008836881,Increment
90780,0.001242377,Retrieve
90780,0.008279501,Increment
91400,0.001255984,Retrieve
91400,0.008057554,Increment
92025,0.001530092,Retrieve
92025,0.008476488,Increment
92683,0.001257905,Retrieve
92683,0.00889507,Increment
93307,0.001347179,Retrieve
93307,0.008385681,Increment
93928,0.001440233,Retrieve
93928,0.008136826,Increment
94583,0.00154508,Retrieve
94583,0.011996454,Increment
95242,0.001260505,Retrieve
95242,0.007570211,Increment
95866,0.001256683,Retrieve
95866,0.010889815,Increment
96491,0.001274869,Retrieve
96491,0.009954517,Increment
97116,0.001433838,Retrieve
97116,0.009347629,Increment
97778,0.00186816,Retrieve
97778,0.008140425,Increment
98474,0.001472236,Retrieve
98474,0.00836465,Increment
99139,0.001288402,Retrieve
99139,0.007559854,Increment
99761,0.001263336,Retrieve
99761,0.011095455,Increment
100384,0.001396984,Retrieve
100384,0.008516918,Increment
101045,0.001241403,Retrieve
101045,0.008151805,Increment
101666,0.001469829,Retrieve
101666,0.008385008,Increment
102328,0.001246216,Retrieve
102328,0.00788329,Increment
102952,0.001482946,Retrieve
102952,0.008768762,Increment
103611,0.0014291,Retrieve
103611,0.008513558,Increment
104271,0.001473749,Retrieve
104271,0.007975899,Increment
104931,0.001269287,Retrieve
104931,0.010919658,Increment
105558,0.001253201,Retrieve
105558,0.008724373,Increment
106178,0.002740776,Retrieve
106178,0.008815595,Increment
106836,0.00126056,Retrieve
106836,0.00856643,Increment
107456,0.001477549,Retrieve
107456,0.00950725,Increment
108124,0.001557119,Retrieve
108124,0.008555804,Increment
108786,0.001547238,Retrieve
108786,0.008295225,Increment
109407,0.001679433,Retrieve
109407,0.008271981,Increment
110069,0.001472608,Retrieve
110069,0.008464048,Increment
110729,0.001503408,Retrieve
110729,0.009421112,Increment
111388,0.001485886,Retrieve
111388,0.008017834,Increment
112045,0.001281332,Retrieve
112045,0.008111189,Increment
112665,0.001259576,Retrieve
112665,0.007735081,Increment
113286,0.001370633,Retrieve
113286,0.011493763,Increment
113945,0.001462253,Retrieve
113945,0.008231188,Increment
114607,0.001576342,Retrieve
114607,0.008800686,Increment
115269,0.001261784,Retrieve
115269,0.010439972,Increment
115894,0.001378382,Retrieve
115894,0.008329163,Increment
116553,0.001421697,Retrieve
116553,0.007855807,Increment
117211,0.001440296,Retrieve
117211,0.009508594,Increment
117873,0.001474274,Retrieve
117873,0.007955216,Increment
118532,0.001266615,Retrieve
118532,0.008198149,Increment
119154,0.001263187,Retrieve
119154,0.007536569,Increment
119779,0.001250928,Retrieve
119779,0.00816646,Increment
120399,0.00125959,Retrieve
120399,0.013041376,Increment
121028,0.00120684,Retrieve
121028,0.008480629,Increment
121650,0.001285082,Retrieve
121650,0.009107891,Increment
122272,0.001253884,Retrieve
122272,0.009011225,Increment
122895,0.00125838,Retrieve
122895,0.00817202,Increment
123516,0.001275581,Retrieve
123516,0.008832464,Increment
124141,0.001253815,Retrieve
124141,0.007880312,Increment
124761,0.001251775,Retrieve
124761,0.008057153,Increment
125380,0.00132206,Retrieve
125380,0.008821835,Increment
126004,0.001288043,Retrieve
126004,0.251801337,Increment
126871,0.00125065,Retrieve
126871,0.044384958,Increment
127532,0.001273634,Retrieve
127532,0.047390109,Increment
128195,0.001281765,Retrieve
128195,0.048320822,Increment
128856,0.001237147,Retrieve
128856,0.045367864,Increment
129512,0.00125717,Retrieve
129512,0.042055639,Increment
130166,0.00125304,Retrieve
130166,0.03983292,Increment
130820,0.001247437,Retrieve
130820,0.045162819,Increment
131480,0.00123512,Retrieve
131480,0.043065505,Increment
132135,0.001249826,Retrieve
132135,0.04198442,Increment
132795,0.001284857,Retrieve
132795,0.044061487,Increment
133452,0.001239589,Retrieve
133452,0.044559547,Increment
134114,0.001438004,Retrieve
134114,0.041371839,Increment
134768,0.001746267,Retrieve
134768,0.048608347,Increment
135428,0.001242696,Retrieve
135428,0.046007176,Increment
136087,0.001232834,Retrieve
136087,0.066854344,Increment
136766,0.001251372,Retrieve
136766,0.049621316,Increment
137428,0.001570023,Retrieve
137428,0.044306414,Increment
138089,0.001224359,Retrieve
138089,0.046470473,Increment
138748,0.001354139,Retrieve
138748,0.0462772,Increment
139406,0.001279408,Retrieve
139406,0.043076796,Increment
140063,0.001245736,Retrieve
140063,0.050241119,Increment
140728,0.00138769,Retrieve
140728,0.047216106,Increment
141389,0.001226545,Retrieve
141389,0.046816268,Increment
142049,0.00124386,Retrieve
142049,0.049691055,Increment
142711,0.001277384,Retrieve
142711,0.04683671,Increment
143368,0.001250308,Retrieve
143368,0.043112151,Increment
144023,0.001251986,Retrieve
144023,0.051147435,Increment
144688,0.001285058,Retrieve
144688,0.049761944,Increment
145351,0.001258085,Retrieve
145351,0.046345236,Increment
146011,0.001264469,Retrieve
146011,0.047308943,Increment
146670,0.001226078,Retrieve
146670,0.055195926,Increment
147336,0.00123623,Retrieve
147336,0.04595829,Increment
147995,0.001298981,Retrieve
147995,0.046205714,Increment
148655,0.001243202,Retrieve
148655,0.049752457,Increment
149316,0.001242565,Retrieve
149316,0.050827236,Increment
149978,0.001238535,Retrieve
149978,0.045058158,Increment
150638,0.001379247,Retrieve
150638,0.046777877,Increment
151296,0.001447728,Retrieve
151296,0.043251594,Increment
151952,0.001226622,Retrieve
151952,0.045698463,Increment
152609,0.001257046,Retrieve
152609,0.045010427,Increment
153268,0.001251572,Retrieve
153268,0.048499321,Increment
153929,0.001249383,Retrieve
153929,0.051616956,Increment
154595,0.001234188,Retrieve
154595,0.05848455,Increment
155269,0.001599031,Retrieve
155269,0.053097551,Increment
155937,0.001247558,Retrieve
155937,0.043456792,Increment
156595,0.001241585,Retrieve
156595,0.05613284,Increment
157263,0.001254153,Retrieve
157263,0.054509912,Increment
157929,0.001814705,Retrieve
157929,0.043674655,Increment
158587,0.001264611,Retrieve
158587,0.043846145,Increment
159244,0.001276889,Retrieve
159244,0.042935597,Increment
159897,0.00124168,Retrieve
159897,0.047530986,Increment
160556,0.001250397,Retrieve
160556,0.051199021,Increment
161218,0.001217921,Retrieve
161218,0.048622403,Increment
161878,0.001760694,Retrieve
161878,0.047910837,Increment
162538,0.001382144,Retrieve
162538,0.044125742,Increment
163193,0.001233688,Retrieve
163193,0.044312815,Increment
163850,0.002444044,Retrieve
163850,0.045296256,Increment
164511,0.00124618,Retrieve
164511,0.044591498,Increment
165171,0.001236782,Retrieve
165171,0.047234832,Increment
165830,0.00128524,Retrieve
165830,0.045031902,Increment
166486,0.00132082,Retrieve
166486,0.045453116,Increment
167145,0.001240515,Retrieve
167145,0.04505065,Increment
167804,0.001244226,Retrieve
167804,0.062516878,Increment
168477,0.00123361,Retrieve
168477,0.043068121,Increment
169136,0.00123379,Retrieve
169136,0.046106913,Increment
169797,0.001293823,Retrieve
169797,0.042929976,Increment
170451,0.001259137,Retrieve
170451,0.047837905,Increment
171113,0.001231042,Retrieve
171113,0.045745222,Increment
171771,0.001229556,Retrieve
171771,0.04910344,Increment
172432,0.001733216,Retrieve
172432,0.043796079,Increment
173088,0.002206508,Retrieve
173088,0.045477073,Increment
173746,0.001584549,Retrieve
173746,0.04982439,Increment
174407,0.00126602,Retrieve
174407,0.046187926,Increment
175068,0.001244959,Retrieve
175068,0.042359116,Increment
175728,0.001288393,Retrieve
175728,0.050324096,Increment
176390,0.00134886,Retrieve
176390,0.045035241,Increment
177049,0.001220139,Retrieve
177049,0.043026689,Increment
177704,0.001241126,Retrieve
177704,0.047838922,Increment
178366,0.001258309,Retrieve
178366,0.043188626,Increment
179020,0.001287905,Retrieve
179020,0.046034527,Increment
179678,0.001261359,Retrieve
179678,0.044231552,Increment
180335,0.001220467,Retrieve
180335,0.048994236,Increment
180995,0.001255155,Retrieve
180995,0.044550964,Increment
181652,0.001628601,Retrieve
181652,0.049395212,Increment
182317,0.001296368,Retrieve
182317,0.044629248,Increment
182977,0.001231533,Retrieve
182977,0.045760347,Increment
183636,0.001238118,Retrieve
183636,0.045770207,Increment
184295,0.001236112,Retrieve
184295,0.040870549,Increment
184947,0.001244489,Retrieve
184947,0.043304462,Increment
185603,0.001256909,Retrieve
185603,0.047354196,Increment
186266,0.001211947,Retrieve
186266,0.04544899,Increment
186927,0.001262881,Retrieve
186927,0.046692641,Increment
187587,0.001237035,Retrieve
187587,0.047572092,Increment
188245,0.001545588,Retrieve
188245,0.046694885,Increment
188904,0.001232672,Retrieve
188904,0.044364129,Increment
189560,0.001218693,Retrieve
189560,0.044157135,Increment
190216,0.001248927,Retrieve
190216,0.054518116,Increment
190885,0.001228738,Retrieve
190885,0.049145293,Increment
191550,0.001235631,Retrieve
191550,0.04952565,Increment
192211,0.001211773,Retrieve
192211,0.047053243,Increment
192871,0.001248322,Retrieve
192871,0.050872257,Increment
193537,0.001231894,Retrieve
193537,0.044674162,Increment
194193,0.001265321,Retrieve
194193,0.049046181,Increment
194855,0.001226886,Retrieve
194855,0.042584843,Increment
195511,0.001255722,Retrieve
195511,0.046815302,Increment
196169,0.001233965,Retrieve
196169,0.049500484,Increment
196835,0.001227381,Retrieve
196835,0.044873162,Increment
197495,0.00123584,Retrieve
197495,0.046238452,Increment
198152,0.001265441,Retrieve
198152,0.048623127,Increment
198816,0.001231316,Retrieve
198816,0.045102894,Increment
199472,0.001252947,Retrieve
199472,0.045257167,Increment
200131,0.001238643,Retrieve
200131,0.043739247,Increment
200787,0.001281318,Retrieve
200787,0.044786739,Increment
201446,0.001225998,Retrieve
201446,0.044967354,Increment
202102,0.001235812,Retrieve
202102,0.04368064,Increment
202758,0.001242935,Retrieve
202758,0.045944977,Increment
203420,0.001238461,Retrieve
203420,0.044123124,Increment
204078,0.001236871,Retrieve
204078,0.045395702,Increment
204737,0.001227952,Retrieve
204737,0.044680932,Increment
205395,0.001252751,Retrieve
205395,0.044418561,Increment
206053,0.001217316,Retrieve
206053,0.042455327,Increment
206710,0.001227188,Retrieve
206710,0.047206492,Increment
207371,0.001234182,Retrieve
207371,0.043976612,Increment
208028,0.001272308,Retrieve
208028,0.054953933,Increment
208695,0.001211646,Retrieve
208695,0.045742497,Increment
209352,0.00124113,Retrieve
209352,0.044512931,Increment
210010,0.001228436,Retrieve
210010,0.044054268,Increment
210669,0.001243161,Retrieve
210669,0.042851815,Increment
211328,0.001261708,Retrieve
211328,0.044533902,Increment
211987,0.001268047,Retrieve
211987,0.042841522,Increment
212645,0.001246494,Retrieve
212645,0.044228191,Increment
213302,0.001332892,Retrieve
213302,0.042204024,Increment
213956,0.00126368,Retrieve
213956,0.045086871,Increment
214616,0.00158175,Retrieve
214616,0.051242314,Increment
215278,0.001313497,Retrieve
215278,0.043254037,Increment
215936,0.001255427,Retrieve
215936,0.042578054,Increment
216590,0.001263935,Retrieve
216590,0.042503245,Increment
217246,0.001231432,Retrieve
217246,0.042894237,Increment
217903,0.002029649,Retrieve
217903,0.043046871,Increment
218560,0.001283696,Retrieve
218560,0.044240243,Increment
219217,0.00125099,Retrieve
219217,0.041415213,Increment
219873,0.001242408,Retrieve
219873,0.043757706,Increment
220529,0.001241414,Retrieve
220529,0.044267737,Increment
221184,0.001236514,Retrieve
221184,0.044586502,Increment
221839,0.00123641,Retrieve
221839,0.046387309,Increment
222500,0.001651429,Retrieve
222500,0.044669977,Increment
223160,0.001266413,Retrieve
223160,0.041344383,Increment
223814,0.001257644,Retrieve
223814,0.045274271,Increment
224470,0.001236248,Retrieve
224470,0.042105136,Increment
225128,0.001234538,Retrieve
225128,0.043370369,Increment
225785,0.001240866,Retrieve
225785,0.045527608,Increment
226443,0.001230508,Retrieve
226443,0.047531969,Increment
227103,0.001273627,Retrieve
227103,0.041652629,Increment
227756,0.001299977,Retrieve
227756,0.044591297,Increment
228416,0.001247912,Retrieve
228416,0.044438324,Increment
229072,0.0012518,Retrieve
229072,0.048901384,Increment
229736,0.001403144,Retrieve
229736,0.044378324,Increment
230395,0.001225884,Retrieve
230395,0.04394846,Increment
231052,0.00124784,Retrieve
231052,0.044119734,Increment
231713,0.001279035,Retrieve
231713,0.04432423,Increment
232372,0.001232762,Retrieve
232372,0.043461889,Increment
233028,0.001234273,Retrieve
233028,0.050528486,Increment
233695,0.001236006,Retrieve
233695,0.046562064,Increment
234357,0.00124822,Retrieve
234357,0.044867434,Increment
235012,0.001250423,Retrieve
235012,0.044242047,Increment
235669,0.001251827,Retrieve
235669,0.049651388,Increment
236330,0.001226624,Retrieve
236330,0.048183775,Increment
236995,0.001243789,Retrieve
236995,0.046638621,Increment
237654,0.001217652,Retrieve
237654,0.045117177,Increment
238316,0.001274641,Retrieve
238316,0.042765213,Increment
238973,0.001283659,Retrieve
238973,0.044422002,Increment
239628,0.001261743,Retrieve
239628,0.042448508,Increment
240285,0.001300279,Retrieve
240285,0.043122939,Increment
240945,0.001283687,Retrieve
240945,0.042082159,Increment
241597,0.001255957,Retrieve
241597,0.04502212,Increment
242254,0.00124182,Retrieve
242254,0.043202892,Increment
242910,0.001363124,Retrieve
242910,0.042047612,Increment
243566,0.001247544,Retrieve
243566,0.047171326,Increment
244228,0.00125735,Retrieve
244228,0.044859111,Increment
244885,0.001287426,Retrieve
244885,0.04382881,Increment
245544,0.001320832,Retrieve
245544,0.044878969,Increment
246201,0.001300392,Retrieve
246201,0.043495854,Increment
246856,0.001274085,Retrieve
246856,0.043980103,Increment
247513,0.001459787,Retrieve
247513,0.041674287,Increment
248172,0.00126694,Retrieve
248172,0.043569742,Increment
248830,0.002194476,Retrieve
248830,0.043527302,Increment
249487,0.001240115,Retrieve
249487,0.06025065,Increment
250162,0.0013708,Retrieve
250162,0.041826279,Increment
250816,0.001246931,Retrieve
250816,0.043038482,Increment
251470,0.001341629,Retrieve
251470,0.046506988,Increment
252130,0.001257738,Retrieve
252130,0.050889689,Increment
252795,0.001264813,Retrieve
252795,0.041292797,Increment
253448,0.001249886,Retrieve
253448,0.047747846,Increment
254110,0.001279398,Retrieve
254110,0.041922432,Increment
254768,0.001266969,Retrieve
254768,0.042982267,Increment
255424,0.001389052,Retrieve
255424,0.059366603,Increment
256096,0.001226194,Retrieve
256096,0.054009367,Increment
256766,0.001339492,Retrieve
256766,0.051494887,Increment
257433,0.00124618,Retrieve
257433,0.045645395,Increment
258095,0.001286733,Retrieve
258095,0.042831252,Increment
258751,0.001249611,Retrieve
258751,0.054098738,Increment
259418,0.001252408,Retrieve
259418,0.045613879,Increment
260078,0.001237451,Retrieve
260078,0.042880625,Increment
260737,0.001237102,Retrieve
260737,0.045369188,Increment
261395,0.001272979,Retrieve
261395,0.04513521,Increment
262052,0.001310219,Retrieve
262052,0.04291994,Increment
262707,0.001246909,Retrieve
262707,0.046257827,Increment
263366,0.001283284,Retrieve
263366,0.043225857,Increment
264020,0.001251756,Retrieve
264020,0.041641197,Increment
264678,0.001250337,Retrieve
264678,0.043456679,Increment
265335,0.001258482,Retrieve
265335,0.043867519,Increment
265991,0.001262473,Retrieve
265991,0.046532881,Increment
266650,0.001249831,Retrieve
266650,0.044381588,Increment
267310,0.001251128,Retrieve
267310,0.052398859,Increment
267974,0.001275816,Retrieve
267974,0.047941272,Increment
268636,0.001283951,Retrieve
268636,0.04228004,Increment
269292,0.001236005,Retrieve
269292,0.04405735,Increment
269951,0.00260588,Retrieve
269951,0.047834933,Increment
270660,0.001348987,Retrieve
270660,0.044474591,Increment
271378,0.001301963,Retrieve
271378,0.043685258,Increment
272094,0.00132589,Retrieve
272094,0.053552462,Increment
272818,0.001411138,Retrieve
272818,0.045405366,Increment
273534,0.001370268,Retrieve
273534,0.044840928,Increment
274251,0.001311713,Retrieve
274251,0.043119985,Increment
274975,0.001376502,Retrieve
274975,0.045134016,Increment
275669,0.001373578,Retrieve
275669,0.045569986,Increment
276361,0.001358561,Retrieve
276361,0.043939012,Increment
277052,0.001413099,Retrieve
277052,0.046576094,Increment
277746,0.001445753,Retrieve
277746,0.049569402,Increment
278441,0.001363123,Retrieve
278441,0.047033156,Increment
279136,0.00142775,Retrieve
279136,0.043212807,Increment
279827,0.001574623,Retrieve
279827,0.044688831,Increment
280521,0.001647063,Retrieve
280521,0.04577041,Increment
281217,0.001555137,Retrieve
281217,0.045961387,Increment
281909,0.001447779,Retrieve
281909,0.044954102,Increment
282601,0.001468314,Retrieve
282601,0.057929404,Increment
283311,0.001395449,Retrieve
283311,0.044631662,Increment
284007,0.001359738,Retrieve
284007,0.044145554,Increment
284702,0.00144255,Retrieve
284702,0.046861159,Increment
285396,0.001400808,Retrieve
285396,0.043885463,Increment
286087,0.001453654,Retrieve
286087,0.044784036,Increment
286783,0.001464483,Retrieve
286783,0.042412567,Increment
287478,0.001555266,Retrieve
287478,0.042168002,Increment
288168,0.001504755,Retrieve
288168,0.044438346,Increment
288866,0.001359696,Retrieve
288866,0.042918459,Increment
289560,0.001352658,Retrieve
289560,0.04569174,Increment
290254,0.001489382,Retrieve
290254,0.045137615,Increment
290960,0.001534532,Retrieve
290960,0.055247842,Increment
291661,0.001359416,Retrieve
291661,0.045028452,Increment
292353,0.001469265,Retrieve
292353,0.043545784,Increment
293049,0.00139568,Retrieve
293049,0.04640987,Increment
293745,0.001392647,Retrieve
293745,0.046687309,Increment
294445,0.001624031,Retrieve
294445,0.046768892,Increment
295145,0.001407377,Retrieve
295145,0.045102116,Increment
295836,0.001500977,Retrieve
295836,0.046150785,Increment
296529,0.001421462,Retrieve
296529,0.044576747,Increment
297221,0.001476049,Retrieve
297221,0.05010781,Increment
297919,0.001424271,Retrieve
297919,0.04374164,Increment
298616,0.001344145,Retrieve
298616,0.044469374,Increment
299286,0.001592821,Retrieve
299286,0.044845265,Increment
299959,0.001447533,Retrieve
299959,0.044449789,Increment
300630,0.00139924,Retrieve
300630,0.043561281,Increment
301301,0.001490937,Retrieve
301301,0.045697052,Increment
301970,0.001542692,Retrieve
301970,0.045138586,Increment
302640,0.001483751,Retrieve
302640,0.042448278,Increment
303310,0.001476159,Retrieve
303310,0.048026632,Increment
303985,0.001404218,Retrieve
303985,0.046739576,Increment
304657,0.001385964,Retrieve
304657,0.043375451,Increment
305333,0.001461641,Retrieve
305333,0.044461609,Increment
306001,0.001385709,Retrieve
306001,0.043517858,Increment
306668,0.001439928,Retrieve
306668,0.046375077,Increment
307345,0.001438171,Retrieve
307345,0.043624224,Increment
308020,0.001433913,Retrieve
308020,0.046225227,Increment
308691,0.001385192,Retrieve
308691,0.045998106,Increment
309366,0.001427774,Retrieve
309366,0.044764913,Increment
310036,0.001427946,Retrieve
310036,0.04455012,Increment
310707,0.001417686,Retrieve
310707,0.042966046,Increment
311374,0.001467652,Retrieve
311374,0.044232916,Increment
312044,0.001420266,Retrieve
312044,0.042909609,Increment
312716,0.001383996,Retrieve
312716,0.042755574,Increment
313384,0.001555549,Retrieve
313384,0.047672596,Increment
314056,0.001448076,Retrieve
314056,0.054710283,Increment
314734,0.001441366,Retrieve
314734,0.04656426,Increment
315410,0.001400705,Retrieve
315410,0.047981383,Increment
316083,0.001383204,Retrieve
316083,0.045993541,Increment
316756,0.001423576,Retrieve
316756,0.047875661,Increment
317431,0.00145323,Retrieve
317431,0.04596498,Increment
318106,0.001464297,Retrieve
318106,0.048909793,Increment
318781,0.001379389,Retrieve
318781,0.049909076,Increment
319453,0.00142133,Retrieve
319453,0.044103769,Increment
320127,0.001391469,Retrieve
320127,0.04527236,Increment
320799,0.004094099,Retrieve
320799,0.046809621,Increment
321473,0.00160764,Retrieve
321473,0.045546916,Increment
322152,0.001450011,Retrieve
322152,0.047616613,Increment
322825,0.001449413,Retrieve
322825,0.049282745,Increment
323502,0.001452384,Retrieve
323502,0.044163097,Increment
324173,0.001476053,Retrieve
324173,0.045362436,Increment
324843,0.001427179,Retrieve
324843,0.043912918,Increment
325516,0.001457633,Retrieve
325516,0.046062542,Increment
326188,0.001515666,Retrieve
326188,0.045017978,Increment
326855,0.00146354,Retrieve
326855,0.044208416,Increment
327537,0.001579296,Retrieve
327537,0.042299427,Increment
328202,0.001483671,Retrieve
328202,0.046865195,Increment
328878,0.001480769,Retrieve
328878,0.062428271,Increment
329566,0.001634383,Retrieve
329566,0.045936352,Increment
330238,0.001472863,Retrieve
330238,0.04912107,Increment
330917,0.001440312,Retrieve
330917,0.04983391,Increment
331594,0.001464223,Retrieve
331594,0.048851257,Increment
332269,0.001413413,Retrieve
332269,0.053404998,Increment
332945,0.001394953,Retrieve
332945,0.053299235,Increment
333623,0.001457424,Retrieve
333623,0.044637781,Increment
334295,0.001396278,Retrieve
334295,0.043593269,Increment
334968,3.03867346,Retrieve
334968,0.022074849,Increment
338654,0.019799491,Retrieve
338654,0.020692222,Increment
339320,0.01465931,Retrieve
339320,0.020226024,Increment
339978,0.014203502,Retrieve
339978,0.018405566,Increment
340635,0.014912543,Retrieve
340635,0.017476494,Increment
341293,0.017043059,Retrieve
341293,0.021351693,Increment
341959,0.015434013,Retrieve
341959,0.019605822,Increment
342620,0.013987107,Retrieve
342620,0.016561535,Increment
343271,0.016360184,Retrieve
343271,0.017948375,Increment
343933,0.011659681,Retrieve
343933,0.016357252,Increment
344585,0.013701781,Retrieve
344585,0.0200492,Increment
345247,0.01208891,Retrieve
345247,0.0169798,Increment
345901,0.013313162,Retrieve
345901,0.019888306,Increment
346561,0.017224439,Retrieve
346561,0.019022017,Increment
347219,0.012959483,Retrieve
347219,0.024866664,Increment
347883,0.014854483,Retrieve
347883,0.019463882,Increment
348544,0.012602959,Retrieve
348544,0.019733301,Increment
349210,0.011603529,Retrieve
349210,0.020469128,Increment
349866,0.012599037,Retrieve
349866,0.019472168,Increment
350519,0.013160466,Retrieve
350519,0.021977959,Increment
351176,0.016340732,Retrieve
351176,0.025609658,Increment
351843,0.014110637,Retrieve
351843,0.021001874,Increment
352501,0.011365195,Retrieve
352501,0.022947784,Increment
353158,0.016067456,Retrieve
353158,0.027695645,Increment
353828,0.012333643,Retrieve
353828,0.018704981,Increment
354484,0.013449695,Retrieve
354484,0.018809539,Increment
355143,0.010993238,Retrieve
355143,0.018449902,Increment
355795,0.012158209,Retrieve
355795,0.018176451,Increment
356451,0.011135731,Retrieve
356451,0.018742612,Increment
357103,0.012624997,Retrieve
357103,0.01740043,Increment
357762,0.012947134,Retrieve
357762,0.019512122,Increment
358418,0.011764253,Retrieve
358418,0.019476411,Increment
359075,0.011902464,Retrieve
359075,0.020635358,Increment
359736,0.012657263,Retrieve
359736,0.023124689,Increment
360392,0.012530044,Retrieve
360392,0.019070813,Increment
361045,0.013925802,Retrieve
361045,0.01914419,Increment
361701,0.011976064,Retrieve
361701,0.018937104,Increment
362357,0.010662788,Retrieve
362357,0.018598932,Increment
363012,0.013631902,Retrieve
363012,0.021760021,Increment
363669,0.014587237,Retrieve
363669,0.022048238,Increment
364328,0.015483762,Retrieve
364328,0.020342566,Increment
364986,0.012241125,Retrieve
364986,0.021421032,Increment
365643,0.012765603,Retrieve
365643,0.019006368,Increment
366302,0.013381637,Retrieve
366302,0.023113176,Increment
366964,0.012865968,Retrieve
366964,0.025124944,Increment
367629,0.012953567,Retrieve
367629,0.020208598,Increment
368284,0.014595242,Retrieve
368284,0.019443312,Increment
368946,0.012135885,Retrieve
368946,0.017883217,Increment
369601,0.011563348,Retrieve
369601,0.021122566,Increment
370255,0.011591801,Retrieve
370255,0.016586989,Increment
370904,0.010898912,Retrieve
370904,0.019913476,Increment
371560,0.013542147,Retrieve
371560,0.019271984,Increment
372216,0.019722573,Retrieve
372216,0.019812628,Increment
372891,0.010297348,Retrieve
372891,0.019356108,Increment
373550,0.012401651,Retrieve
373550,0.019057542,Increment
374214,0.011915477,Retrieve
374214,0.020079774,Increment
374870,0.011475338,Retrieve
374870,0.021383462,Increment
375530,0.014333858,Retrieve
375530,0.02057931,Increment
376195,0.012058625,Retrieve
376195,0.019681519,Increment
376852,0.011720017,Retrieve
376852,0.018901605,Increment
377510,0.012713181,Retrieve
377510,0.020733889,Increment
378168,0.012038969,Retrieve
378168,0.020814084,Increment
378827,0.013464097,Retrieve
378827,0.021713026,Increment
379487,0.012763978,Retrieve
379487,0.020604282,Increment
380146,0.012370501,Retrieve
380146,0.020932182,Increment
380806,0.011795513,Retrieve
380806,0.020702056,Increment
381467,0.011590775,Retrieve
381467,0.023595659,Increment
382128,0.013897426,Retrieve
382128,0.020971159,Increment
382787,0.014655234,Retrieve
382787,0.019683619,Increment
383445,0.014115137,Retrieve
383445,0.019239684,Increment
384105,0.011360003,Retrieve
384105,0.022853635,Increment
384766,0.011142913,Retrieve
384766,0.018291372,Increment
385419,0.011114348,Retrieve
385419,0.017600642,Increment
386078,0.010983816,Retrieve
386078,0.020334271,Increment
386732,0.010574722,Retrieve
386732,0.019327799,Increment
387389,0.014656598,Retrieve
387389,0.019638362,Increment
388049,0.01256371,Retrieve
388049,0.019767607,Increment
388705,0.01148722,Retrieve
388705,0.021700966,Increment
389366,0.011579254,Retrieve
389366,0.020365346,Increment
390024,0.013497106,Retrieve
390024,0.023521622,Increment
390687,0.014170707,Retrieve
390687,0.027308818,Increment
391352,0.012487544,Retrieve
391352,0.020357852,Increment
392011,0.015469774,Retrieve
392011,0.024841542,Increment
392676,0.012549036,Retrieve
392676,0.018701535,Increment
393335,0.01123082,Retrieve
393335,0.018278717,Increment
393988,0.011707981,Retrieve
393988,0.018090994,Increment
394646,0.012882855,Retrieve
394646,0.021823684,Increment
395310,0.011330622,Retrieve
395310,0.019775154,Increment
395968,0.011322165,Retrieve
395968,0.082810137,Increment
396684,0.012108559,Retrieve
396684,0.026630253,Increment
397351,0.011482463,Retrieve
397351,0.018937667,Increment
398003,0.011844448,Retrieve
398003,0.020880211,Increment
398662,0.011315871,Retrieve
398662,0.020456702,Increment
399315,0.011566583,Retrieve
399315,0.018351303,Increment
399971,0.012156683,Retrieve
399971,0.019252893,Increment
400628,0.012044857,Retrieve
400628,0.020787223,Increment
401285,0.012433653,Retrieve
401285,0.020331913,Increment
401937,0.014479344,Retrieve
401937,0.020512539,Increment
402595,0.012391,Retrieve
402595,0.019164225,Increment
403253,0.013215529,Retrieve
403253,0.018818009,Increment
403909,0.017001785,Retrieve
403909,0.022032648,Increment
404578,0.011255593,Retrieve
404578,0.019313128,Increment
405234,0.012728896,Retrieve
405234,0.035824187,Increment
405904,0.011534942,Retrieve
405904,0.018274442,Increment
406562,0.010907087,Retrieve
406562,0.017365415,Increment
407216,0.010480558,Retrieve
407216,0.021620594,Increment
407870,0.011977575,Retrieve
407870,0.020953402,Increment
408527,0.012780067,Retrieve
408527,0.018057823,Increment
409187,0.011540385,Retrieve
409187,0.01905709,Increment
409842,0.010635961,Retrieve
409842,0.019845997,Increment
410497,0.011033224,Retrieve
410497,0.024341647,Increment
411158,0.011190215,Retrieve
411158,0.017601328,Increment
411816,0.019939611,Retrieve
411816,0.02498469,Increment
412482,0.014772663,Retrieve
412482,0.021195047,Increment
413145,0.012155637,Retrieve
413145,0.020528217,Increment
413804,0.013150234,Retrieve
413804,0.018511332,Increment
414459,0.012585037,Retrieve
414459,0.021834826,Increment
415121,0.013517004,Retrieve
415121,0.020851237,Increment
415778,0.010592352,Retrieve
415778,0.018793205,Increment
416435,0.0116971,Retrieve
416435,0.019720215,Increment
417093,0.011086348,Retrieve
417093,0.019127947,Increment
417746,0.011196836,Retrieve
417746,0.021201368,Increment
418401,0.010565874,Retrieve
418401,0.017816555,Increment
419053,0.010871152,Retrieve
419053,0.019260299,Increment
419711,0.011012636,Retrieve
419711,0.019092382,Increment
420366,0.011609822,Retrieve
420366,0.023556901,Increment
421027,0.01246937,Retrieve
421027,0.018170669,Increment
421680,0.01051408,Retrieve
421680,0.019633359,Increment
422332,0.011259434,Retrieve
422332,0.018347569,Increment
422984,0.010957592,Retrieve
422984,0.02079717,Increment
423641,0.010293414,Retrieve
423641,0.021208324,Increment
424299,0.012046909,Retrieve
424299,0.016564052,Increment
424951,0.014025941,Retrieve
424951,0.020392318,Increment
425610,0.013137127,Retrieve
425610,0.023223775,Increment
426271,0.013014782,Retrieve
426271,0.020794462,Increment
426929,0.012808778,Retrieve
426929,0.021671798,Increment
427590,0.012645579,Retrieve
427590,0.036085901,Increment
428266,0.012915611,Retrieve
428266,0.021691541,Increment
428929,0.012019851,Retrieve
428929,0.022474091,Increment
429588,0.014040456,Retrieve
429588,0.01900643,Increment
430246,0.011174415,Retrieve
430246,0.019161987,Increment
430903,0.010351456,Retrieve
430903,0.022985358,Increment
431562,0.013405359,Retrieve
431562,0.018147804,Increment
432221,0.010746539,Retrieve
432221,0.02349532,Increment
432885,0.010694242,Retrieve
432885,0.016832526,Increment
433535,0.011011322,Retrieve
433535,0.018814525,Increment
434190,0.011269837,Retrieve
434190,0.025623231,Increment
434853,0.012890888,Retrieve
434853,0.01724636,Increment
435509,0.010732097,Retrieve
435509,0.018269852,Increment
436161,0.011766538,Retrieve
436161,0.022391944,Increment
436821,0.012947414,Retrieve
436821,0.018987648,Increment
437495,0.009981262,Retrieve
437495,0.019760636,Increment
438147,0.011399824,Retrieve
438147,0.021155004,Increment
438805,0.011628192,Retrieve
438805,0.018130449,Increment
439460,0.010886609,Retrieve
439460,0.01917816,Increment
440118,0.012064238,Retrieve
440118,0.018962985,Increment
440776,0.010117398,Retrieve
440776,0.020851213,Increment
441431,0.020342223,Retrieve
441431,0.018821565,Increment
442098,0.014089861,Retrieve
442098,0.022545309,Increment
442759,0.011755171,Retrieve
442759,0.020101948,Increment
443416,0.013581119,Retrieve
443416,0.019544888,Increment
444072,0.013833011,Retrieve
444072,0.021265594,Increment
444733,0.01277015,Retrieve
444733,0.021778782,Increment
445392,0.015484505,Retrieve
445392,0.019525842,Increment
446053,0.012702309,Retrieve
446053,0.019868845,Increment
446715,0.011224802,Retrieve
446715,0.024107742,Increment
447378,0.015208503,Retrieve
447378,0.019769933,Increment
448035,0.01107684,Retrieve
448035,0.089693027,Increment
448766,0.009572326,Retrieve
448766,0.018379627,Increment
449418,0.010923982,Retrieve
449418,0.020221575,Increment
450078,0.009612133,Retrieve
450078,0.016989742,Increment
450729,0.01080946,Retrieve
450729,0.019778368,Increment
451387,0.011527967,Retrieve
451387,0.022436909,Increment
452043,0.011040794,Retrieve
452043,0.019089306,Increment
452698,0.010998805,Retrieve
452698,0.021647959,Increment
453357,0.011707546,Retrieve
453357,0.018126593,Increment
454010,0.011263327,Retrieve
454010,0.018193829,Increment
454669,0.010491218,Retrieve
454669,0.019104836,Increment
455325,0.010783073,Retrieve
455325,0.018665399,Increment
455978,0.013836775,Retrieve
455978,0.022985103,Increment
456645,0.0134044,Retrieve
456645,0.031606022,Increment
457316,0.011930722,Retrieve
457316,0.024606012,Increment
457977,0.013903235,Retrieve
457977,0.01985973,Increment
458634,0.01160223,Retrieve
458634,0.020851117,Increment
459292,0.010883665,Retrieve
459292,0.018841122,Increment
459948,0.012676372,Retrieve
459948,0.020112841,Increment
460602,0.013245756,Retrieve
460602,0.019506511,Increment
461255,0.012460219,Retrieve
461255,0.018802773,Increment
461915,0.011868954,Retrieve
461915,0.019550958,Increment
462571,0.011991795,Retrieve
462571,0.021493538,Increment
463252,0.014139934,Retrieve
463252,0.020802237,Increment
463911,0.013010022,Retrieve
463911,0.020641255,Increment
464568,0.012963225,Retrieve
464568,0.020724266,Increment
465226,0.010595924,Retrieve
465226,0.020977703,Increment
465885,0.01144381,Retrieve
465885,0.018764659,Increment
466543,0.010472393,Retrieve
466543,0.0187853,Increment
467198,0.010474247,Retrieve
467198,0.017846773,Increment
467853,0.011252485,Retrieve
467853,0.017302196,Increment
468502,0.011026602,Retrieve
468502,0.021618367,Increment
469161,0.009572062,Retrieve
469161,0.01861826,Increment
469818,0.011616267,Retrieve
469818,0.018433565,Increment
470475,0.01130274,Retrieve
470475,0.019351068,Increment
471129,0.011444326,Retrieve
471129,0.018707929,Increment
471787,0.011011604,Retrieve
471787,0.019009744,Increment
472445,0.014923587,Retrieve
472445,0.019616022,Increment
473104,0.014811597,Retrieve
473104,0.018772142,Increment
473762,0.011292864,Retrieve
473762,0.019939723,Increment
474416,0.015270367,Retrieve
474416,0.018700993,Increment
475074,0.013114142,Retrieve
475074,0.019080807,Increment
475729,0.012688138,Retrieve
475729,0.022851107,Increment
476395,0.013002127,Retrieve
476395,0.019102475,Increment
477050,0.016119793,Retrieve
477050,0.020855071,Increment
477716,0.010818302,Retrieve
477716,0.018284806,Increment
478367,0.011567851,Retrieve
478367,0.020051875,Increment
479019,0.010462358,Retrieve
479019,0.018913942,Increment
479674,0.010642545,Retrieve
479674,0.020496549,Increment
480327,0.010908444,Retrieve
480327,0.019294109,Increment
480981,0.010561913,Retrieve
480981,0.020789576,Increment
481638,0.010355696,Retrieve
481638,0.017758018,Increment
482294,0.012082231,Retrieve
482294,0.019588051,Increment
482949,0.011641726,Retrieve
482949,0.022374537,Increment
483610,0.010939235,Retrieve
483610,0.017677844,Increment
484266,0.011068212,Retrieve
484266,0.017824168,Increment
484918,0.012703425,Retrieve
484918,0.018503789,Increment
485576,0.010838,Retrieve
485576,0.018916386,Increment
486228,0.011495597,Retrieve
486228,0.019159734,Increment
486885,0.011018321,Retrieve
486885,0.017329928,Increment
487544,0.013217281,Retrieve
487544,0.026897365,Increment
488209,0.013443277,Retrieve
488209,0.017325744,Increment
488866,0.011804824,Retrieve
488866,0.018156348,Increment
489522,0.014352602,Retrieve
489522,0.02038603,Increment
490182,0.011974307,Retrieve
490182,0.019582256,Increment
490845,0.013133475,Retrieve
490845,0.022338436,Increment
491509,0.011992885,Retrieve
491509,0.018898981,Increment
492166,0.013104865,Retrieve
492166,0.023644274,Increment
492823,0.011957329,Retrieve
492823,0.019511776,Increment
493479,0.013962722,Retrieve
493479,0.020176069,Increment
494143,0.012485892,Retrieve
494143,0.020692558,Increment
494800,0.011783789,Retrieve
494800,0.023345167,Increment
495466,0.013581641,Retrieve
495466,0.02193592,Increment
496128,0.011347875,Retrieve
496128,0.018339181,Increment
496781,0.012102892,Retrieve
496781,0.018583193,Increment
497436,0.010575825,Retrieve
497436,0.019351201,Increment
498095,0.014682984,Retrieve
498095,0.02394405,Increment
498760,0.011359746,Retrieve
498760,0.020649916,Increment
499416,0.013214843,Retrieve
499416,0.018557074,Increment
500076,0.012189803,Retrieve
500076,0.019617856,Increment
500737,0.012229503,Retrieve
500737,0.02011193,Increment
501398,0.011353725,Retrieve
501398,0.017744266,Increment
502051,0.01005502,Retrieve
502051,0.018094598,Increment
502704,0.011950273,Retrieve
502704,0.023509548,Increment
503366,0.011854502,Retrieve
503366,0.021060562,Increment
504028,0.013893363,Retrieve
504028,0.019442589,Increment
504691,0.012732718,Retrieve
504691,0.022702751,Increment
505354,0.012709482,Retrieve
505354,0.020533757,Increment
506017,0.012922458,Retrieve
506017,0.020352714,Increment
506678,0.012822601,Retrieve
506678,0.023554435,Increment
507340,0.014072249,Retrieve
507340,0.023182552,Increment
508001,0.013191316,Retrieve
508001,0.020915259,Increment
508659,0.015793614,Retrieve
508659,0.022676268,Increment
509325,0.009850738,Retrieve
509325,0.018194112,Increment
509976,0.011462251,Retrieve
509976,0.0191684,Increment
510634,0.011628738,Retrieve
510634,0.017658445,Increment
511295,0.013244176,Retrieve
511295,0.021994818,Increment
511952,0.012347815,Retrieve
511952,0.020209398,Increment
512610,0.009628666,Retrieve
512610,0.018424406,Increment
513262,0.010072051,Retrieve
513262,0.020189858,Increment
513916,0.019899781,Retrieve
513916,0.02815333,Increment
514588,0.010788952,Retrieve
514588,0.022679888,Increment
515245,0.010420468,Retrieve
515245,0.019970499,Increment
515902,0.013501337,Retrieve
515902,0.018076544,Increment
516558,0.011598681,Retrieve
516558,0.020194738,Increment
517220,0.010521486,Retrieve
517220,0.01987711,Increment
517875,0.012381603,Retrieve
517875,0.02257842,Increment
518535,0.012089093,Retrieve
518535,0.029471209,Increment
519200,0.011474817,Retrieve
519200,0.018400805,Increment
519858,0.015533264,Retrieve
519858,0.019612691,Increment
520519,0.015023032,Retrieve
520519,0.025491316,Increment
521181,0.011679168,Retrieve
521181,0.021275878,Increment
521845,0.011409875,Retrieve
521845,0.026911138,Increment
522509,0.014088458,Retrieve
522509,0.020430742,Increment
523172,0.014917872,Retrieve
523172,0.018903725,Increment
523828,0.013382322,Retrieve
523828,0.019175758,Increment
524487,0.012027511,Retrieve
524487,0.018650018,Increment
525142,0.013757258,Retrieve
525142,0.020435981,Increment
525801,0.011928775,Retrieve
525801,0.02061338,Increment
526461,0.012092698,Retrieve
526461,0.01971048,Increment
527116,0.009226919,Retrieve
527116,0.020856069,Increment
527766,0.009591635,Retrieve
527766,0.017701743,Increment
528420,0.010408752,Retrieve
528420,0.01825608,Increment
529079,0.010670382,Retrieve
529079,0.01851102,Increment
529732,0.011138492,Retrieve
529732,0.02128893,Increment
530389,0.01190597,Retrieve
530389,0.019101073,Increment
531045,0.010614265,Retrieve
531045,0.019874502,Increment
531706,0.011251283,Retrieve
531706,0.018279555,Increment
532357,0.009987861,Retrieve
532357,0.020203034,Increment
533011,0.014205213,Retrieve
533011,0.028434097,Increment
533678,0.011628578,Retrieve
533678,0.018923153,Increment
534338,0.012522116,Retrieve
534338,0.016857654,Increment
534995,0.014542515,Retrieve
534995,0.018409433,Increment
535657,0.011800395,Retrieve
535657,0.020837852,Increment
536321,0.010483023,Retrieve
536321,0.018886814,Increment
536977,0.010787127,Retrieve
536977,0.021699582,Increment
537635,0.011466949,Retrieve
537635,0.019743137,Increment
538295,0.013638001,Retrieve
538295,0.020814497,Increment
538955,0.012672666,Retrieve
538955,0.018683779,Increment
539609,0.011604463,Retrieve
539609,0.019186638,Increment
540267,0.018053231,Retrieve
540267,0.019642813,Increment
540931,0.013957081,Retrieve
540931,0.023786194,Increment
541593,0.013458207,Retrieve
541593,0.019322133,Increment
542252,0.014945905,Retrieve
542252,0.020122606,Increment
542916,0.009757595,Retrieve
542916,0.018466407,Increment
543572,0.009622941,Retrieve
543572,0.01926404,Increment
544228,0.015865155,Retrieve
544228,0.02712284,Increment
544896,0.011419739,Retrieve
544896,0.022090066,Increment
545550,0.010418066,Retrieve
545550,0.019260182,Increment
546206,0.01072729,Retrieve
546206,0.027023893,Increment
546868,0.010802216,Retrieve
546868,0.018472602,Increment
547524,0.010757334,Retrieve
547524,0.018126007,Increment
548181,0.024831709,Retrieve
548181,0.041738278,Increment
548872,0.012600264,Retrieve
548872,0.026253337,Increment
549535,0.016174944,Retrieve
549535,0.019507683,Increment
550198,0.010020989,Retrieve
550198,0.033541901,Increment
550866,0.015410307,Retrieve
550866,0.040073786,Increment
551551,0.011652793,Retrieve
551551,0.023826855,Increment
552211,0.010939942,Retrieve
552211,0.018619777,Increment
552864,0.011224815,Retrieve
552864,0.01919011,Increment
553523,0.011644378,Retrieve
553523,0.018746206,Increment
554182,0.012937639,Retrieve
554182,0.020178743,Increment
554845,0.012119775,Retrieve
554845,0.019944997,Increment
555501,0.012240282,Retrieve
555501,0.018424908,Increment
556155,0.01396434,Retrieve
556155,0.034445113,Increment
556834,0.021405103,Retrieve
556834,0.020809856,Increment
557507,0.013723612,Retrieve
557507,0.022570665,Increment
558167,0.022115515,Retrieve
558167,0.025021367,Increment
558840,0.014125998,Retrieve
558840,0.030241702,Increment
559516,0.012931323,Retrieve
559516,0.028807179,Increment
560190,0.014314492,Retrieve
560190,0.019399432,Increment
560858,0.01306905,Retrieve
560858,0.020429814,Increment
561516,0.013909078,Retrieve
561516,0.022140727,Increment
562178,0.009739373,Retrieve
562178,0.018542894,Increment
562832,0.012939325,Retrieve
562832,0.023577226,Increment
563490,0.010413867,Retrieve
563490,0.028048681,Increment
564151,0.010245074,Retrieve
564151,0.020724202,Increment
564806,0.010729757,Retrieve
564806,0.018325623,Increment
565460,0.014161708,Retrieve
565460,0.021708763,Increment
566123,0.012171751,Retrieve
566123,0.020270678,Increment
566780,0.011733565,Retrieve
566780,0.040595248,Increment
567459,0.013240248,Retrieve
567459,0.020257609,Increment
568114,0.012128173,Retrieve
568114,0.026709824,Increment
568774,0.01244215,Retrieve
568774,0.021642115,Increment
569435,0.010085905,Retrieve
569435,0.02133829,Increment
570092,0.010565445,Retrieve
570092,0.018995994,Increment
570748,0.010131845,Retrieve
570748,0.019351877,Increment
571400,0.013046044,Retrieve
571400,0.019326526,Increment
572060,0.013539002,Retrieve
572060,0.019296187,Increment
572716,0.011707347,Retrieve
572716,0.018405703,Increment
573372,0.012314661,Retrieve
573372,0.022135204,Increment
574030,0.010256383,Retrieve
574030,0.017469526,Increment
574685,0.011749026,Retrieve
574685,0.019744177,Increment
575345,0.01132529,Retrieve
575345,0.01809502,Increment
575999,0.010166898,Retrieve
575999,0.018928789,Increment
576661,0.011797715,Retrieve
576661,0.019135336,Increment
577321,0.010469395,Retrieve
577321,0.018415316,Increment
577978,0.012134106,Retrieve
577978,0.019141413,Increment
578637,0.014204943,Retrieve
578637,0.028213531,Increment
579306,0.012329318,Retrieve
579306,0.019839651,Increment
579966,0.011577964,Retrieve
579966,0.022359024,Increment
580628,0.013214428,Retrieve
580628,0.027656859,Increment
581295,0.011483092,Retrieve
581295,0.022418917,Increment
581954,0.03764301,Retrieve
581954,0.02085267,Increment
582634,0.013529913,Retrieve
582634,0.018500769,Increment
583295,0.014802146,Retrieve
583295,0.025155127,Increment
583963,0.012757616,Retrieve
583963,0.020365065,Increment
584628,0.011761433,Retrieve
584628,0.019244985,Increment
585282,0.01304186,Retrieve
585282,0.019965819,Increment
585938,0.02174697,Retrieve
585938,0.020101322,Increment
586609,0.009603386,Retrieve
586609,0.018838958,Increment
587259,0.011321598,Retrieve
587259,0.020874414,Increment
587915,0.012789316,Retrieve
587915,0.018113419,Increment
588578,0.013138511,Retrieve
588578,0.019895448,Increment
589242,0.011409492,Retrieve
589242,0.022155955,Increment
589900,0.011048187,Retrieve
589900,0.018760456,Increment
590555,0.010459823,Retrieve
590555,0.018673257,Increment
591216,0.011754373,Retrieve
591216,0.023721929,Increment
591878,0.016823857,Retrieve
591878,0.018845042,Increment
592537,0.010773321,Retrieve
592537,0.018406189,Increment
593189,0.010310276,Retrieve
593189,0.01870641,Increment
593845,0.009586784,Retrieve
593845,0.021804136,Increment
594499,0.013087019,Retrieve
594499,0.024121925,Increment
595166,0.012394004,Retrieve
595166,0.020481206,Increment
595826,0.011716659,Retrieve
595826,0.024256081,Increment
596485,0.069961014,Retrieve
596485,0.019752291,Increment
597198,0.015385229,Retrieve
597198,0.021856885,Increment
597863,0.012455266,Retrieve
597863,0.019156029,Increment
598517,0.011387297,Retrieve
598517,0.020230318,Increment
599171,0.010136897,Retrieve
599171,0.019656046,Increment
599828,0.011659054,Retrieve
599828,0.019273043,Increment
600485,0.012713643,Retrieve
600485,0.019971559,Increment
601145,0.013118403,Retrieve
601145,0.022251026,Increment
601808,0.012782053,Retrieve
601808,0.019417582,Increment
602466,0.01252489,Retrieve
602466,0.02053792,Increment
603128,0.013846373,Retrieve
603128,0.026320356,Increment
603792,0.01227563,Retrieve
603792,0.02422823,Increment
604454,0.012719137,Retrieve
604454,0.024061139,Increment
605116,0.013109971,Retrieve
605116,0.031485971,Increment
605788,0.013164736,Retrieve
605788,0.018220227,Increment
606445,0.010750768,Retrieve
606445,0.018019138,Increment
607099,0.012612368,Retrieve
607099,0.01868469,Increment
607754,0.011891078,Retrieve
607754,0.017374207,Increment
608409,0.010146129,Retrieve
608409,0.018225409,Increment
609066,0.011095115,Retrieve
609066,0.020878249,Increment
609728,0.011903499,Retrieve
609728,0.018548436,Increment
610387,0.010547371,Retrieve
610387,0.016996271,Increment
611045,0.013350256,Retrieve
611045,0.018614455,Increment
611701,0.011857059,Retrieve
611701,0.019347121,Increment
612358,0.010565027,Retrieve
612358,0.019564996,Increment
613016,0.010330968,Retrieve
613016,0.019358243,Increment
613671,0.01115257,Retrieve
613671,0.019892275,Increment
614334,0.014715693,Retrieve
614334,0.020057467,Increment
614992,0.012347082,Retrieve
614992,0.020892678,Increment
615654,0.013282956,Retrieve
615654,0.025832274,Increment
616320,0.01270596,Retrieve
616320,0.02239686,Increment
616980,0.019016455,Retrieve
616980,0.019857902,Increment
617645,0.011474535,Retrieve
617645,0.020976148,Increment
618304,0.012045437,Retrieve
618304,0.020924863,Increment
618966,0.009724853,Retrieve
618966,0.023946013,Increment
619630,0.011347629,Retrieve
619630,0.018274816,Increment
620287,0.010476027,Retrieve
620287,0.019222775,Increment
620942,0.010125109,Retrieve
620942,0.021417869,Increment
621599,0.010447941,Retrieve
621599,0.021025794,Increment
622259,0.011416383,Retrieve
622259,0.0186517,Increment
622918,0.011945936,Retrieve
622918,0.019895513,Increment
623578,0.011686673,Retrieve
623578,0.018824975,Increment
624238,0.011998512,Retrieve
624238,0.024377515,Increment
624898,0.012683408,Retrieve
624898,0.023571713,Increment
625566,0.011951366,Retrieve
625566,0.025890286,Increment
626228,0.01206371,Retrieve
626228,0.01914742,Increment
626882,0.012600505,Retrieve
626882,0.02079605,Increment
627541,0.015160039,Retrieve
627541,0.019410185,Increment
628203,0.014288748,Retrieve
628203,0.022179198,Increment
628867,0.012122167,Retrieve
628867,0.025793743,Increment
629529,0.012519956,Retrieve
629529,0.021155399,Increment
630193,0.013685762,Retrieve
630193,0.021271499,Increment
630855,0.010741567,Retrieve
630855,0.018682898,Increment
631512,0.010558392,Retrieve
631512,0.021680874,Increment
632170,0.014729063,Retrieve
632170,0.0223551,Increment
632834,0.010502943,Retrieve
632834,0.020011292,Increment
633491,0.012370232,Retrieve
633491,0.021450246,Increment
634148,0.013422965,Retrieve
634148,0.022350938,Increment
634808,0.020014974,Retrieve
634808,0.025368615,Increment
635478,0.02068322,Retrieve
635478,0.02108103,Increment
636145,0.011713724,Retrieve
636145,0.021171853,Increment
636804,0.01401694,Retrieve
636804,0.029452645,Increment
637475,0.025628104,Retrieve
637475,0.038775213,Increment
638166,0.013275541,Retrieve
638166,0.021847329,Increment
638828,0.022554603,Retrieve
638828,0.023426253,Increment
639495,0.017146849,Retrieve
639495,0.02260699,Increment
640160,0.012949498,Retrieve
640160,0.020793506,Increment
640814,0.012348299,Retrieve
640814,0.02161836,Increment
641478,0.013051494,Retrieve
641478,0.022358153,Increment
642139,0.011524385,Retrieve
642139,0.01905308,Increment
642795,0.011207124,Retrieve
642795,0.018961271,Increment
643453,0.011555002,Retrieve
643453,0.020488197,Increment
644110,0.010934908,Retrieve
644110,0.044613261,Increment
644792,0.011473927,Retrieve
644792,0.020453299,Increment
645448,0.010709181,Retrieve
645448,0.018902276,Increment
646102,0.013821048,Retrieve
646102,0.018751949,Increment
646760,0.011963944,Retrieve
646760,0.020407454,Increment
647420,0.012300315,Retrieve
647420,0.021693126,Increment
648078,0.012491493,Retrieve
648078,0.020485562,Increment
648742,0.011652936,Retrieve
648742,0.021981612,Increment
649400,0.011464557,Retrieve
649400,0.019857078,Increment
650054,0.014793278,Retrieve
650054,0.02173742,Increment
650716,0.013038845,Retrieve
650716,0.02073773,Increment
651376,0.013461105,Retrieve
651376,0.020013078,Increment
652035,0.013783038,Retrieve
652035,0.022781921,Increment
652696,0.012105656,Retrieve
652696,0.019333392,Increment
653349,0.012650577,Retrieve
653349,0.018840371,Increment
654006,0.011519039,Retrieve
654006,0.021658196,Increment
654668,0.011254788,Retrieve
654668,0.030879671,Increment
655339,0.013617918,Retrieve
655339,0.019633674,Increment
655995,0.012059592,Retrieve
655995,0.02059564,Increment
656650,0.011464462,Retrieve
656650,0.020106041,Increment
657308,0.011907353,Retrieve
657308,0.020370461,Increment
657965,0.011954937,Retrieve
657965,0.019269315,Increment
658623,0.011939409,Retrieve
658623,0.019758117,Increment
659281,0.012528519,Retrieve
659281,0.021643174,Increment
659945,0.011099192,Retrieve
659945,0.01872852,Increment
660602,0.012074854,Retrieve
660602,0.020105613,Increment
661260,0.013798781,Retrieve
661260,0.019891162,Increment
661928,0.01197883,Retrieve
661928,0.019896409,Increment
662586,0.012702034,Retrieve
662586,0.021739419,Increment
663249,0.014628357,Retrieve
663249,0.023625858,Increment
663916,0.012817724,Retrieve
663916,0.019411088,Increment
664576,0.013134248,Retrieve
664576,0.020798583,Increment
665241,0.012770203,Retrieve
665241,0.022480332,Increment
665907,0.013029994,Retrieve
665907,0.019937248,Increment
666566,0.011800008,Retrieve
666566,0.027535612,Increment
667229,0.011530002,Retrieve
667229,0.019138602,Increment
667885,0.01190297,Retrieve
667885,0.019737715,Increment
668545,0.011485013,Retrieve
668545,0.019200756,Increment
669200,0.014039691,Retrieve
669200,0.020377789,Increment
669859,0.011260412,Retrieve
669859,0.025255027,Increment
670517,0.011622555,Retrieve
670517,0.024200043,Increment
671176,0.011948732,Retrieve
671176,0.018929354,Increment
671851,0.012549203,Retrieve
671851,0.019478593,Increment
672516,0.012226688,Retrieve
672516,0.018335482,Increment
673175,0.012194308,Retrieve
673175,0.020663476,Increment
673835,0.011068568,Retrieve
673835,0.02120103,Increment
674495,0.014021567,Retrieve
674495,0.023831026,Increment
675159,0.012404492,Retrieve
675159,0.020850507,Increment
675817,0.011108634,Retrieve
675817,0.021397987,Increment
676470,0.013414023,Retrieve
676470,0.021332539,Increment
677129,0.014348717,Retrieve
677129,0.030040388,Increment
677797,0.014286451,Retrieve
677797,0.02049128,Increment
678459,0.012187624,Retrieve
678459,0.020542732,Increment
679115,0.012711011,Retrieve
679115,0.023099284,Increment
679778,0.015804371,Retrieve
679778,0.024481758,Increment
680445,0.011743064,Retrieve
680445,0.021281026,Increment
681101,0.011596437,Retrieve
681101,0.017295059,Increment
681756,0.009196155,Retrieve
681756,0.019577478,Increment
682416,0.012352781,Retrieve
682416,0.021501224,Increment
683078,0.017246483,Retrieve
683078,0.0259947,Increment
683745,0.01171244,Retrieve
683745,0.020749218,Increment
684400,0.017607148,Retrieve
684400,0.024457737,Increment
685071,0.01092702,Retrieve
685071,0.027292667,Increment
685734,0.010493339,Retrieve
685734,0.019437021,Increment
686395,0.010867227,Retrieve
686395,0.020676134,Increment
687050,0.011430731,Retrieve
687050,0.020548208,Increment
687703,0.014524406,Retrieve
687703,0.020468046,Increment
688361,0.01163972,Retrieve
688361,0.021060727,Increment
689018,0.011000924,Retrieve
689018,0.018447595,Increment
689669,0.012132941,Retrieve
689669,0.019178056,Increment
690326,0.022884244,Retrieve
690326,0.025867218,Increment
691001,0.013577846,Retrieve
691001,0.024191195,Increment
691666,0.012478757,Retrieve
691666,0.026703351,Increment
692329,0.013658136,Retrieve
692329,0.060174699,Increment
693031,0.014168063,Retrieve
693031,0.021687777,Increment
693695,0.012855491,Retrieve
693695,0.021553849,Increment
694358,0.012293227,Retrieve
694358,0.02360465,Increment
695025,0.015272731,Retrieve
695025,0.018836775,Increment
695685,0.015968432,Retrieve
695685,0.019613646,Increment
696345,0.010188303,Retrieve
696345,0.018803492,Increment
696996,0.010890516,Retrieve
696996,0.017484692,Increment
697651,0.01090673,Retrieve
697651,0.03178227,Increment
698317,0.0112241,Retrieve
698317,0.019137884,Increment
698974,0.0123741,Retrieve
698974,0.022512586,Increment
699633,0.014759709,Retrieve
699633,0.019004223,Increment
700292,0.011512373,Retrieve
700292,0.021316741,Increment
700956,0.011104554,Retrieve
700956,0.020842741,Increment
701618,0.011946279,Retrieve
701618,0.017828741,Increment
702274,0.014310765,Retrieve
702274,0.01982487,Increment
702933,0.011477316,Retrieve
702933,0.017774852,Increment
703593,0.016147548,Retrieve
703593,0.018867265,Increment
704255,0.012684486,Retrieve
704255,0.021515182,Increment
704917,0.013550408,Retrieve
704917,0.02038884,Increment
705578,0.014796576,Retrieve
705578,0.021845098,Increment
706237,0.012551515,Retrieve
706237,0.021575551,Increment
706892,0.014738086,Retrieve
706892,0.019456604,Increment
707552,0.017561793,Retrieve
707552,0.024959364,Increment
708226,0.028855754,Retrieve
708226,0.01748829,Increment
708900,0.012234672,Retrieve
708900,0.023719205,Increment
709559,0.011075214,Retrieve
709559,0.021661423,Increment
710215,0.017362401,Retrieve
710215,0.02118113,Increment
710878,0.014408106,Retrieve
710878,0.022328876,Increment
711537,0.01948904,Retrieve
711537,0.026288269,Increment
712205,0.012164225,Retrieve
712205,0.021901851,Increment
712869,0.012237083,Retrieve
712869,0.019874081,Increment
713528,0.011691078,Retrieve
713528,0.018937797,Increment
714182,0.013426414,Retrieve
714182,0.022144052,Increment
714845,0.011864744,Retrieve
714845,0.022123165,Increment
715507,0.018579041,Retrieve
715507,0.026438747,Increment
716178,0.012936064,Retrieve
716178,0.019986529,Increment
716838,0.013191689,Retrieve
716838,0.01939414,Increment
717509,0.010878425,Retrieve
717509,0.020109245,Increment
718166,0.013371965,Retrieve
718166,0.022656087,Increment
718832,0.018445733,Retrieve
718832,0.020437719,Increment
719510,0.014129686,Retrieve
719510,0.020563593,Increment
720174,0.012378947,Retrieve
720174,0.028425892,Increment
720843,0.013172673,Retrieve
720843,0.019997667,Increment
721504,0.015101039,Retrieve
721504,0.020134481,Increment
722167,0.011405929,Retrieve
722167,0.02049735,Increment
722823,0.014601389,Retrieve
722823,0.020518225,Increment
723482,0.01272591,Retrieve
723482,0.022862695,Increment
724139,0.011838694,Retrieve
724139,0.01955133,Increment
724795,0.01451246,Retrieve
724795,0.021616284,Increment
725455,0.010410585,Retrieve
725455,0.018393394,Increment
726116,0.011376268,Retrieve
726116,0.019091614,Increment
726778,0.013042187,Retrieve
726778,0.017172001,Increment
727434,0.011168659,Retrieve
727434,0.017692943,Increment
728089,0.010964863,Retrieve
728089,0.018722342,Increment
728748,0.011977633,Retrieve
728748,0.019112266,Increment
729408,0.01100393,Retrieve
729408,0.0189656,Increment
730063,0.012941692,Retrieve
730063,0.020243906,Increment
730728,0.016093802,Retrieve
730728,0.026474089,Increment
731400,0.011051103,Retrieve
731400,0.018812929,Increment
732059,0.012167237,Retrieve
732059,0.01876972,Increment
732716,0.014334642,Retrieve
732716,0.018096984,Increment
733378,0.012822541,Retrieve
733378,0.01891096,Increment
734034,0.012138477,Retrieve
734034,0.020327972,Increment
734695,0.014466923,Retrieve
734695,0.020420557,Increment
735366,0.01173309,Retrieve
735366,0.019363214,Increment
736023,0.016315678,Retrieve
736023,0.020246949,Increment
736692,0.01216245,Retrieve
736692,0.019746281,Increment
737350,0.012619428,Retrieve
737350,0.018483013,Increment
738014,0.013369707,Retrieve
738014,0.031560935,Increment
738692,0.011792002,Retrieve
738692,0.023265811,Increment
739349,0.011885115,Retrieve
739349,0.019756047,Increment
740009,0.015385807,Retrieve
740009,0.019803469,Increment
740675,0.011843461,Retrieve
740675,0.021200779,Increment
741332,0.012965197,Retrieve
741332,0.026582094,Increment
741998,0.013138479,Retrieve
741998,0.020995118,Increment
742659,0.01229419,Retrieve
742659,0.037598493,Increment
743335,0.013877081,Retrieve
743335,0.028125127,Increment
744008,0.014671367,Retrieve
744008,0.01920453,Increment
744678,0.012916164,Retrieve
744678,0.019946317,Increment
745335,0.011490543,Retrieve
745335,0.020977877,Increment
745994,0.013732592,Retrieve
745994,0.020978873,Increment
746652,0.010949183,Retrieve
746652,0.024856475,Increment
747316,0.011128416,Retrieve
747316,0.018525231,Increment
747978,0.01430234,Retrieve
747978,0.019015592,Increment
748649,0.014984574,Retrieve
748649,0.020074987,Increment
749316,0.010394612,Retrieve
749316,0.017929947,Increment
749969,0.010216332,Retrieve
749969,0.018136184,Increment
750630,0.010704806,Retrieve
750630,0.018968616,Increment
751284,0.011133441,Retrieve
751284,0.019067164,Increment
751946,0.011358233,Retrieve
751946,0.064393657,Increment
752649,0.011772071,Retrieve
752649,0.020391118,Increment
753309,0.010251354,Retrieve
753309,0.019778522,Increment
753966,0.012237355,Retrieve
753966,0.020638229,Increment
754633,0.011497554,Retrieve
754633,0.020724332,Increment
755294,0.009900084,Retrieve
755294,0.020738269,Increment
755950,0.011714872,Retrieve
755950,0.018838305,Increment
756607,0.016569602,Retrieve
756607,0.018616228,Increment
757267,0.010328861,Retrieve
757267,0.019682512,Increment
757924,0.012258864,Retrieve
757924,0.020478051,Increment
758589,0.026010863,Retrieve
758589,0.021179589,Increment
759266,0.013034961,Retrieve
759266,0.022725666,Increment
759923,0.015227036,Retrieve
759923,0.871871206,Increment
761442,0.708910354,Retrieve
761442,0.022734767,Increment
762800,0.693635068,Retrieve
762800,0.018072972,Increment
764142,0.697892595,Retrieve
764142,0.021149212,Increment
765483,0.760566454,Retrieve
765483,0.020101197,Increment
766895,0.713228466,Retrieve
766895,0.019271109,Increment
768254,0.816571881,Retrieve
768254,0.018774314,Increment
769716,0.697074008,Retrieve
769716,0.022632668,Increment
771068,0.73435199,Retrieve
771068,0.020353769,Increment
772452,2.683207786,Retrieve
772452,0.162304032,Increment
775928,1.8842716290000001,Retrieve
775928,0.544776067,Increment
778987,0.697484931,Retrieve
778987,0.018129429,Increment
780330,0.708599675,Retrieve
780330,0.023339541,Increment
781685,0.705164928,Retrieve
781685,0.022270183,Increment
783041,0.714078622,Retrieve
783041,0.019427677,Increment
784399,0.710458874,Retrieve
784399,0.023477233,Increment
785766,1.901828793,Retrieve
785766,0.529887033,Increment
788828,0.757119122,Retrieve
788828,0.018755279,Increment
790235,0.730783061,Retrieve
790235,0.018225142,Increment
791620,0.737075647,Retrieve
791620,0.017509062,Increment
793002,0.712067355,Retrieve
793002,0.024124782,Increment
794366,0.711236935,Retrieve
794366,0.017885374,Increment
795716,0.784660263,Retrieve
795716,0.020177594,Increment
797152,0.721923505,Retrieve
797152,0.021144924,Increment
798528,0.709247499,Retrieve
798528,0.024145427,Increment
799887,0.725906307,Retrieve
799887,0.022484664,Increment
801258,0.767544434,Retrieve
801258,0.021488471,Increment
802679,0.73011495,Retrieve
802679,0.0222028,Increment
804058,0.716014741,Retrieve
804058,0.017339968,Increment
805416,0.745301084,Retrieve
805416,0.022934068,Increment
806816,0.917378507,Retrieve
806816,0.033515752,Increment
808395,0.718426026,Retrieve
808395,0.023870383,Increment
809767,0.738214242,Retrieve
809767,0.019676556,Increment
811155,0.756656257,Retrieve
811155,0.020058141,Increment
812562,0.993632875,Retrieve
812562,0.22880971,Increment
814411,0.914284226,Retrieve
814411,0.020299469,Increment
815978,0.71723886,Retrieve
815978,0.022311137,Increment
817351,0.721486938,Retrieve
817351,0.019020697,Increment
818724,0.707872163,Retrieve
818724,0.02160938,Increment
820082,0.72423648,Retrieve
820082,0.018457303,Increment
821449,0.698769333,Retrieve
821449,0.018692167,Increment
822791,0.716769237,Retrieve
822791,0.026160595,Increment
824166,0.705487232,Retrieve
824166,0.0265552,Increment
825529,0.69419027,Retrieve
825529,0.022704766,Increment
826878,0.707557535,Retrieve
826878,0.020260354,Increment
828232,0.705534001,Retrieve
828232,0.020654635,Increment
829580,0.724989066,Retrieve
829580,0.019566906,Increment
830950,0.708322433,Retrieve
830950,1.056431164,Increment
833345,0.948441081,Retrieve
833345,0.50791816,Increment
835429,0.478070233,Retrieve
835429,0.616772818,Increment
837157,0.951959325,Retrieve
837157,0.513076919,Increment
839247,0.00091561,Retrieve
839247,0.007768471,Increment
839878,0.000628662,Retrieve
839878,0.009815563,Increment
840516,0.00060793,Retrieve
840516,0.007426111,Increment
841152,0.000610871,Retrieve
841152,0.011490309,Increment
841795,0.000596331,Retrieve
841795,0.007647911,Increment
842439,0.000669231,Retrieve
842439,0.007544128,Increment
843078,0.000599688,Retrieve
843078,0.00764772,Increment
843716,0.000542068,Retrieve
843716,0.007560151,Increment
844345,0.000617463,Retrieve
844345,0.007189873,Increment
844979,0.000552162,Retrieve
844979,0.008382506,Increment
845623,0.000604457,Retrieve
845623,0.007516078,Increment
846261,0.000689593,Retrieve
846261,0.007705327,Increment
846902,0.000600471,Retrieve
846902,0.011161986,Increment
847545,0.000552552,Retrieve
847545,0.00935758,Increment
848182,0.00065141,Retrieve
848182,0.019637645,Increment
848827,0.000672615,Retrieve
848827,0.008088869,Increment
849475,0.000557602,Retrieve
849475,0.007319215,Increment
850115,0.000599714,Retrieve
850115,0.007328168,Increment
850755,0.002889093,Retrieve
850755,0.00862113,Increment
851395,0.000656593,Retrieve
851395,0.007413549,Increment
852028,0.000528827,Retrieve
852028,0.007448178,Increment
852667,0.000592473,Retrieve
852667,0.007140517,Increment
853300,0.000602048,Retrieve
853300,0.008148098,Increment
853945,0.000509064,Retrieve
853945,0.007164473,Increment
854584,0.000600553,Retrieve
854584,0.008493479,Increment
855225,0.000675698,Retrieve
855225,0.007423217,Increment
855866,0.00057775,Retrieve
855866,0.007975451,Increment
856503,0.000543573,Retrieve
856503,0.010427648,Increment
857145,0.000531679,Retrieve
857145,0.007495739,Increment
857775,0.000721675,Retrieve
857775,0.007836413,Increment
858418,0.000569076,Retrieve
858418,0.021839514,Increment
859069,0.000616001,Retrieve
859069,0.00931941,Increment
859712,0.000595141,Retrieve
859712,0.009433298,Increment
860355,0.00058622,Retrieve
860355,0.009259209,Increment
860995,0.000585752,Retrieve
860995,0.008940651,Increment
861632,0.000586403,Retrieve
861632,0.009516321,Increment
862278,0.000560591,Retrieve
862278,0.016343196,Increment
862921,0.000619716,Retrieve
862921,0.009249067,Increment
863561,0.000520518,Retrieve
863561,0.009479776,Increment
864195,0.000643923,Retrieve
864195,0.00959077,Increment
864835,0.000771761,Retrieve
864835,0.008631801,Increment
865478,0.000582225,Retrieve
865478,0.009385512,Increment
866118,0.000632574,Retrieve
866118,0.011733925,Increment
866758,0.000572439,Retrieve
866758,0.009935276,Increment
867392,0.000652762,Retrieve
867392,0.009176161,Increment
868026,0.000617849,Retrieve
868026,0.009279729,Increment
868667,0.000583901,Retrieve
868667,0.019592218,Increment
869316,0.000744278,Retrieve
869316,0.007271342,Increment
869951,0.000704198,Retrieve
869951,0.007741912,Increment
870586,0.000731885,Retrieve
870586,0.007381776,Increment
871230,0.000646626,Retrieve
871230,0.007775967,Increment
871866,0.000570128,Retrieve
871866,0.007492818,Increment
872508,0.000655329,Retrieve
872508,0.007545343,Increment
873145,0.000677067,Retrieve
873145,0.007824733,Increment
873778,0.000567473,Retrieve
873778,0.00826539,Increment
874416,0.000628704,Retrieve
874416,0.009829736,Increment
875057,0.000649616,Retrieve
875057,0.00978952,Increment
875695,0.000638882,Retrieve
875695,0.007732755,Increment
876329,0.000546437,Retrieve
876329,0.007880422,Increment
876968,0.000571083,Retrieve
876968,0.007217021,Increment
877607,0.000633553,Retrieve
877607,0.011595753,Increment
878249,0.000629183,Retrieve
878249,0.008336609,Increment
878892,0.000469798,Retrieve
878892,0.008051727,Increment
879529,0.000517229,Retrieve
879529,0.011225784,Increment
880169,0.000481988,Retrieve
880169,0.008745374,Increment
880810,0.000691695,Retrieve
880810,0.016680296,Increment
881479,0.000621576,Retrieve
881479,0.007832912,Increment
882117,0.000573592,Retrieve
882117,0.011408094,Increment
882759,0.000783634,Retrieve
882759,0.007864102,Increment
883401,0.000693219,Retrieve
883401,0.007614849,Increment
884042,0.000665747,Retrieve
884042,0.008240107,Increment
884681,0.00054999,Retrieve
884681,0.008120679,Increment
885316,0.000587849,Retrieve
885316,0.008389535,Increment
885955,0.000559301,Retrieve
885955,0.008203386,Increment
886595,0.000592489,Retrieve
886595,0.00777959,Increment
887228,0.000539468,Retrieve
887228,0.008087892,Increment
887866,0.000732749,Retrieve
887866,0.007972759,Increment
888508,0.000751649,Retrieve
888508,0.007166121,Increment
889151,0.000666591,Retrieve
889151,0.007893009,Increment
889791,0.000566801,Retrieve
889791,0.008181487,Increment
890421,0.00254732,Retrieve
890421,0.00923502,Increment
891057,0.000732546,Retrieve
891057,0.007893096,Increment
891695,0.000613548,Retrieve
891695,0.008091261,Increment
892328,0.000599006,Retrieve
892328,0.008126597,Increment
892968,0.000566065,Retrieve
892968,0.011636122,Increment
893607,0.000530199,Retrieve
893607,0.009174298,Increment
894245,0.000573864,Retrieve
894245,0.007699048,Increment
894886,0.000526236,Retrieve
894886,0.008172694,Increment
895528,0.000678602,Retrieve
895528,0.008220007,Increment
896170,0.000592888,Retrieve
896170,0.008279894,Increment
896808,0.00060208,Retrieve
896808,0.008164346,Increment
897445,0.000530754,Retrieve
897445,0.008020744,Increment
898078,0.000620394,Retrieve
898078,0.007063013,Increment
898716,0.000602683,Retrieve
898716,0.007285669,Increment
899354,0.000682123,Retrieve
899354,0.008072801,Increment
899987,0.000656186,Retrieve
899987,0.00740503,Increment
