0,3.172004523,Retrieve
0,0.022133188,Increment
6769,0.015845969,Retrieve
6769,0.025567137,Increment
7437,0.035440176,Retrieve
7437,0.025282156,Increment
8137,0.015055037,Retrieve
8137,0.018360892,Increment
8806,0.018304459,Retrieve
8806,0.022868011,Increment
9477,0.012904813,Retrieve
9477,0.019477485,Increment
10137,0.013148712,Retrieve
10137,0.022615081,Increment
10800,0.013527264,Retrieve
10800,0.024928061,Increment
11463,0.017449191,Retrieve
11463,0.022509414,Increment
12131,0.019335161,Retrieve
12131,0.025278598,Increment
12806,0.01338438,Retrieve
12806,0.025915359,Increment
13474,0.017255395,Retrieve
13474,0.023697864,Increment
14143,0.017306594,Retrieve
14143,0.019496462,Increment
14810,0.015126265,Retrieve
14810,0.02192944,Increment
15477,0.01779654,Retrieve
15477,0.031661124,Increment
16156,0.016592719,Retrieve
16156,0.031621876,Increment
16835,0.016598228,Retrieve
16835,0.025890956,Increment
17508,0.015414726,Retrieve
17508,0.024542192,Increment
18172,0.015398559,Retrieve
18172,0.025109204,Increment
18843,0.010600795,Retrieve
18843,0.031299627,Increment
19510,0.014066233,Retrieve
19510,0.02650966,Increment
20178,0.01304614,Retrieve
20178,0.024790438,Increment
20844,0.014357364,Retrieve
20844,0.027856559,Increment
21511,0.017570042,Retrieve
21511,0.02410107,Increment
22177,0.014735201,Retrieve
22177,0.028281679,Increment
22848,0.013875038,Retrieve
22848,0.026365913,Increment
23518,0.017824153,Retrieve
23518,0.029201429,Increment
24191,0.015516769,Retrieve
24191,0.027737376,Increment
24863,0.017311607,Retrieve
24863,0.028643531,Increment
25540,0.015716604,Retrieve
25540,0.025417661,Increment
26210,0.01699387,Retrieve
26210,0.027033431,Increment
26885,0.014197709,Retrieve
26885,0.026579172,Increment
27551,0.017620366,Retrieve
27551,0.035774768,Increment
28235,0.015835254,Retrieve
28235,0.028396938,Increment
28906,0.01487512,Retrieve
28906,0.023939137,Increment
29574,0.023729479,Retrieve
29574,0.029393896,Increment
30252,0.016416068,Retrieve
30252,0.024185847,Increment
30921,0.022891349,Retrieve
30921,0.028626373,Increment
31612,0.015507964,Retrieve
31612,0.032252738,Increment
32290,0.016377685,Retrieve
32290,0.024632466,Increment
32961,0.013617828,Retrieve
32961,0.021698299,Increment
33622,0.015747617,Retrieve
33622,0.025298488,Increment
34289,0.01948624,Retrieve
34289,0.027967234,Increment
34961,0.015356916,Retrieve
34961,0.029312281,Increment
35631,0.054691229,Retrieve
35631,0.033746105,Increment
36348,0.014635001,Retrieve
36348,0.026930038,Increment
37018,0.017217739,Retrieve
37018,0.027313835,Increment
37694,0.015474688,Retrieve
37694,0.027627871,Increment
38368,0.020956747,Retrieve
38368,0.020848725,Increment
39040,0.013469808,Retrieve
39040,0.02692059,Increment
39706,0.012115771,Retrieve
39706,0.030523032,Increment
40385,0.034039605,Retrieve
40385,0.024529068,Increment
41073,0.021170149,Retrieve
41073,0.027009255,Increment
41761,0.017511366,Retrieve
41761,0.030372051,Increment
42436,0.01369132,Retrieve
42436,0.021474962,Increment
43100,0.013755136,Retrieve
43100,0.024426269,Increment
43764,0.017803138,Retrieve
43764,0.027451559,Increment
44436,0.017623431,Retrieve
44436,0.02382579,Increment
45102,0.017226753,Retrieve
45102,0.027912391,Increment
45777,0.016352097,Retrieve
45777,0.021639332,Increment
46441,0.023827833,Retrieve
46441,0.072717592,Increment
47165,0.015730703,Retrieve
47165,0.024968528,Increment
47838,0.01425754,Retrieve
47838,0.027503586,Increment
48510,0.015920141,Retrieve
48510,0.022851695,Increment
49172,0.018502853,Retrieve
49172,0.021776661,Increment
49840,0.013851195,Retrieve
49840,0.029210247,Increment
50511,0.015834785,Retrieve
50511,0.022814107,Increment
51176,0.01298134,Retrieve
51176,0.019177591,Increment
51835,0.014683486,Retrieve
51835,0.026939546,Increment
52506,0.016984586,Retrieve
52506,0.024923782,Increment
53179,0.013944103,Retrieve
53179,0.026973766,Increment
53845,0.011359733,Retrieve
53845,0.024883215,Increment
54506,0.016250706,Retrieve
54506,0.028271546,Increment
55181,0.015200472,Retrieve
55181,0.032647515,Increment
55852,0.014934501,Retrieve
55852,0.027532968,Increment
56525,0.017733483,Retrieve
56525,0.026969952,Increment
57207,0.01128126,Retrieve
57207,0.030941789,Increment
57873,0.014501924,Retrieve
57873,0.024323181,Increment
58544,0.013125746,Retrieve
58544,0.02614811,Increment
59210,0.015248395,Retrieve
59210,0.033035497,Increment
59882,0.020999681,Retrieve
59882,0.025599611,Increment
60559,0.014846014,Retrieve
60559,0.027396294,Increment
61225,0.015033432,Retrieve
61225,0.024961739,Increment
61893,0.015036422,Retrieve
61893,0.028918868,Increment
62565,0.022617391,Retrieve
62565,0.037094612,Increment
63252,0.013401723,Retrieve
63252,0.063062306,Increment
63951,0.015257223,Retrieve
63951,0.026369204,Increment
64615,0.013705147,Retrieve
64615,0.020668378,Increment
65277,0.017757254,Retrieve
65277,0.034829877,Increment
65956,0.014643396,Retrieve
65956,0.021542951,Increment
66624,0.010304953,Retrieve
66624,0.024692818,Increment
67290,0.011812219,Retrieve
67290,0.023432956,Increment
67953,0.013129796,Retrieve
67953,0.023289649,Increment
68618,0.01444972,Retrieve
68618,0.024063267,Increment
69285,0.011546953,Retrieve
69285,0.022557407,Increment
69946,0.013081021,Retrieve
69946,0.022046037,Increment
70606,0.014917975,Retrieve
70606,0.028152732,Increment
71278,0.013465633,Retrieve
71278,0.025346283,Increment
71940,0.013474231,Retrieve
71940,0.024347472,Increment
72606,0.012928851,Retrieve
72606,0.022918195,Increment
73324,0.013246028,Retrieve
73324,0.023478734,Increment
73985,0.01728212,Retrieve
73985,0.02421018,Increment
74656,0.012865958,Retrieve
74656,0.027124426,Increment
75326,0.010345289,Retrieve
75326,0.02161968,Increment
75985,0.014218053,Retrieve
75985,0.02422462,Increment
76648,0.012322637,Retrieve
76648,0.02527266,Increment
77312,0.016089765,Retrieve
77312,0.02254714,Increment
77977,0.014455356,Retrieve
77977,0.021506302,Increment
78637,0.015680357,Retrieve
78637,0.028456537,Increment
79306,0.016176828,Retrieve
79306,0.02600424,Increment
79975,0.011628959,Retrieve
79975,0.024804055,Increment
80643,0.014504107,Retrieve
80643,0.027081069,Increment
81313,0.017638735,Retrieve
81313,0.033707609,Increment
81992,0.012180043,Retrieve
81992,0.020911491,Increment
82656,0.016634916,Retrieve
82656,0.029084125,Increment
83329,0.015667484,Retrieve
83329,0.026038884,Increment
83995,0.017681324,Retrieve
83995,0.022005825,Increment
84665,0.010552426,Retrieve
84665,0.023460047,Increment
85326,0.015324647,Retrieve
85326,0.023758348,Increment
85991,0.01528374,Retrieve
85991,0.023697543,Increment
86658,0.022199612,Retrieve
86658,0.026786618,Increment
87335,0.021105519,Retrieve
87335,0.023134719,Increment
88010,0.017623094,Retrieve
88010,0.026379807,Increment
88682,0.018033941,Retrieve
88682,0.026862937,Increment
89356,0.016223785,Retrieve
89356,0.032343945,Increment
90026,0.01204199,Retrieve
90026,0.024170161,Increment
90701,0.015516562,Retrieve
90701,0.028125681,Increment
91370,0.023189126,Retrieve
91370,0.021173722,Increment
92049,0.015280942,Retrieve
92049,0.028139132,Increment
92731,0.018230216,Retrieve
92731,0.021562963,Increment
93396,0.013178006,Retrieve
93396,0.024757965,Increment
94060,0.017333081,Retrieve
94060,0.024722211,Increment
94735,0.013980635,Retrieve
94735,0.018003904,Increment
95393,0.015906285,Retrieve
95393,0.024916284,Increment
96059,0.015828296,Retrieve
96059,0.033337699,Increment
96735,0.013902077,Retrieve
96735,0.016804455,Increment
97391,0.013738477,Retrieve
97391,0.030128928,Increment
98061,0.013341784,Retrieve
98061,0.026590393,Increment
98725,0.017342033,Retrieve
98725,0.022791756,Increment
99395,0.01771551,Retrieve
99395,0.019381074,Increment
100059,0.014362786,Retrieve
100059,0.027830654,Increment
100725,0.017119932,Retrieve
100725,0.024414175,Increment
101393,0.011802768,Retrieve
101393,0.023170057,Increment
102056,0.017114304,Retrieve
102056,0.022960102,Increment
102722,0.013025593,Retrieve
102722,0.023240251,Increment
103385,0.009046234,Retrieve
103385,0.019032124,Increment
104040,0.018840197,Retrieve
104040,0.02408249,Increment
104710,0.015635868,Retrieve
104710,0.023579617,Increment
105375,0.011560919,Retrieve
105375,0.021777516,Increment
106035,0.015092879,Retrieve
106035,0.026345615,Increment
106706,0.010934469,Retrieve
106706,0.02571833,Increment
107375,0.01489052,Retrieve
107375,0.02539,Increment
108048,0.015878627,Retrieve
108048,0.028871866,Increment
108728,0.017193858,Retrieve
108728,0.024870593,Increment
109393,0.017735998,Retrieve
109393,0.025315183,Increment
110062,0.014312751,Retrieve
110062,0.027813772,Increment
110730,0.013462856,Retrieve
110730,0.024510063,Increment
111399,0.013573169,Retrieve
111399,0.027593778,Increment
112068,0.018274539,Retrieve
112068,0.017530726,Increment
112726,0.021147339,Retrieve
112726,0.023452676,Increment
113401,0.015240252,Retrieve
113401,0.02836498,Increment
114071,0.015234538,Retrieve
114071,0.02313028,Increment
114736,0.015118971,Retrieve
114736,0.031291412,Increment
115406,0.016802551,Retrieve
115406,0.021089766,Increment
116068,0.014785113,Retrieve
116068,0.028096524,Increment
116736,0.01668966,Retrieve
116736,0.019744841,Increment
117397,0.0169841,Retrieve
117397,0.022461439,Increment
118057,0.016936314,Retrieve
118057,0.022559649,Increment
118727,0.016766441,Retrieve
118727,0.025203922,Increment
119397,0.012937076,Retrieve
119397,0.030197857,Increment
120067,0.016819679,Retrieve
120067,0.025915135,Increment
120742,0.015472535,Retrieve
120742,0.020118785,Increment
121406,0.009548538,Retrieve
121406,0.036662717,Increment
122077,0.012737355,Retrieve
122077,0.02449571,Increment
122738,0.012830785,Retrieve
122738,0.023597344,Increment
123404,0.010248176,Retrieve
123404,0.026300152,Increment
124065,0.013525187,Retrieve
124065,0.018866389,Increment
124718,0.016377171,Retrieve
124718,0.03261852,Increment
125395,0.015045377,Retrieve
125395,0.025596428,Increment
126061,0.017530354,Retrieve
126061,0.028606064,Increment
126739,0.011676546,Retrieve
126739,0.020777518,Increment
127396,0.01193421,Retrieve
127396,0.023848058,Increment
128062,0.018407293,Retrieve
128062,0.027705453,Increment
128730,0.015213113,Retrieve
128730,0.024722713,Increment
129394,0.01449257,Retrieve
129394,0.022348831,Increment
130057,0.017137634,Retrieve
130057,0.028180096,Increment
130725,0.017199385,Retrieve
130725,0.023946906,Increment
131391,0.009275185,Retrieve
131391,0.024403468,Increment
132050,0.017221291,Retrieve
132050,0.020190554,Increment
132715,0.01066487,Retrieve
132715,0.020675099,Increment
133377,0.013200922,Retrieve
133377,0.027017863,Increment
134043,0.010810102,Retrieve
134043,0.023388412,Increment
134702,0.009625746,Retrieve
134702,0.027961563,Increment
135366,0.016242941,Retrieve
135366,0.027158082,Increment
136035,0.011423195,Retrieve
136035,0.028550607,Increment
136698,0.013571496,Retrieve
136698,0.027473465,Increment
137368,0.015001636,Retrieve
137368,0.018547101,Increment
138027,0.017481899,Retrieve
138027,0.023677799,Increment
138694,0.013725876,Retrieve
138694,0.028953241,Increment
139361,0.01099586,Retrieve
139361,0.025587831,Increment
140027,0.015446373,Retrieve
140027,0.02542868,Increment
140697,0.011249462,Retrieve
140697,0.027098516,Increment
141360,0.011617257,Retrieve
141360,0.034581531,Increment
142035,0.011178268,Retrieve
142035,0.025873421,Increment
142697,0.013659239,Retrieve
142697,0.019786572,Increment
143360,0.01773959,Retrieve
143360,0.029051694,Increment
144038,0.01688623,Retrieve
144038,0.028810249,Increment
144710,0.011915904,Retrieve
144710,0.018766889,Increment
145368,0.013943646,Retrieve
145368,0.028777554,Increment
146039,0.010433365,Retrieve
146039,0.029254091,Increment
146710,0.01150998,Retrieve
146710,0.024007365,Increment
147371,0.009294587,Retrieve
147371,0.01997469,Increment
148027,0.011858975,Retrieve
148027,0.023326745,Increment
148691,0.017520916,Retrieve
148691,0.026566175,Increment
149361,0.021206706,Retrieve
149361,0.022074437,Increment
150027,0.013507814,Retrieve
150027,0.027544934,Increment
150696,0.014195462,Retrieve
150696,0.018794386,Increment
151360,0.009850519,Retrieve
151360,0.018541659,Increment
152014,0.011381604,Retrieve
152014,0.023884114,Increment
152676,0.017641268,Retrieve
152676,0.027533861,Increment
153344,0.014510712,Retrieve
153344,0.025051649,Increment
154010,0.012227854,Retrieve
154010,0.024508131,Increment
154692,0.016779595,Retrieve
154692,0.024861974,Increment
155359,0.01118178,Retrieve
155359,0.024635353,Increment
156023,0.017842753,Retrieve
156023,0.027731611,Increment
156696,0.013243383,Retrieve
156696,0.025137181,Increment
157366,0.012630982,Retrieve
157366,0.034783149,Increment
158040,0.013672377,Retrieve
158040,0.024624274,Increment
158709,0.016902969,Retrieve
158709,0.024575005,Increment
159375,0.01266447,Retrieve
159375,0.028228338,Increment
160044,0.024610305,Retrieve
160044,0.022246275,Increment
160718,0.015656409,Retrieve
160718,0.027115995,Increment
161385,0.014033325,Retrieve
161385,0.025470788,Increment
162054,0.009289473,Retrieve
162054,0.025539584,Increment
162718,0.010035171,Retrieve
162718,0.019997658,Increment
163372,0.018236084,Retrieve
163372,0.024996454,Increment
164043,0.016832041,Retrieve
164043,0.024807169,Increment
164709,0.010388245,Retrieve
164709,0.027104865,Increment
165376,0.015234468,Retrieve
165376,0.027829449,Increment
166045,0.013357294,Retrieve
166045,0.018816103,Increment
166707,0.011710478,Retrieve
166707,0.021627447,Increment
167368,0.013217004,Retrieve
167368,0.027677806,Increment
168036,0.010842298,Retrieve
168036,0.023693767,Increment
168701,0.013894873,Retrieve
168701,0.024432535,Increment
169368,0.012983565,Retrieve
169368,0.020036745,Increment
170023,0.014055452,Retrieve
170023,0.022341768,Increment
170685,0.011926161,Retrieve
170685,0.026341836,Increment
171348,0.015194159,Retrieve
171348,0.021575039,Increment
172009,0.012776272,Retrieve
172009,0.018993151,Increment
172668,0.013000902,Retrieve
172668,0.029606947,Increment
173335,0.014768788,Retrieve
173335,0.023017258,Increment
173999,0.010380449,Retrieve
173999,0.029972274,Increment
174668,0.013205733,Retrieve
174668,0.021389844,Increment
175335,0.012345923,Retrieve
175335,0.032170206,Increment
176007,0.012418792,Retrieve
176007,0.027854445,Increment
176677,0.013746405,Retrieve
176677,0.020439394,Increment
177338,0.01740096,Retrieve
177338,0.023356336,Increment
178009,0.012942265,Retrieve
178009,0.020345758,Increment
178668,0.016038904,Retrieve
178668,0.023864613,Increment
179336,0.015672025,Retrieve
179336,0.024667964,Increment
180000,0.012947708,Retrieve
180000,0.019195441,Increment
180663,0.011210155,Retrieve
180663,0.01957414,Increment
181318,0.016527131,Retrieve
181318,0.023736698,Increment
181985,0.015800256,Retrieve
181985,0.020823547,Increment
182649,0.016602413,Retrieve
182649,0.020441427,Increment
183318,0.016177541,Retrieve
183318,0.026764843,Increment
183987,0.016274529,Retrieve
183987,0.023150519,Increment
184647,0.011443401,Retrieve
184647,0.019412314,Increment
185302,0.014902845,Retrieve
185302,0.022420888,Increment
185966,0.017691625,Retrieve
185966,0.017580602,Increment
186625,0.014371037,Retrieve
186625,0.023053959,Increment
187288,0.012309218,Retrieve
187288,0.020277296,Increment
187948,0.012267758,Retrieve
187948,0.026848764,Increment
188610,0.014824447,Retrieve
188610,0.023699897,Increment
189269,0.016803132,Retrieve
189269,0.023282706,Increment
189936,0.009625147,Retrieve
189936,0.0196953,Increment
190586,0.017940252,Retrieve
190586,0.021556407,Increment
191250,0.012919982,Retrieve
191250,0.022333861,Increment
191910,0.013057805,Retrieve
191910,0.029332057,Increment
192578,0.012929693,Retrieve
192578,0.025273251,Increment
193251,0.013930038,Retrieve
193251,0.016453205,Increment
193908,0.014348718,Retrieve
193908,0.023119193,Increment
194568,0.015387054,Retrieve
194568,0.021633576,Increment
195235,0.010497175,Retrieve
195235,0.023468562,Increment
195892,0.012464325,Retrieve
195892,0.021380899,Increment
196553,0.009758541,Retrieve
196553,0.019738956,Increment
197210,0.01051464,Retrieve
197210,0.022165489,Increment
197870,0.013873334,Retrieve
197870,0.0211565,Increment
198535,0.01572096,Retrieve
198535,0.025207305,Increment
199212,0.012624583,Retrieve
199212,0.022804036,Increment
199872,0.014832074,Retrieve
199872,0.021408886,Increment
200535,0.010805911,Retrieve
200535,0.019975602,Increment
201197,0.011115493,Retrieve
201197,0.023754484,Increment
201859,0.013141746,Retrieve
201859,0.023763267,Increment
202521,0.013912368,Retrieve
202521,0.019993581,Increment
203179,0.012868494,Retrieve
203179,0.025861571,Increment
203840,0.017596281,Retrieve
203840,0.01666075,Increment
204502,0.01573072,Retrieve
204502,0.019473872,Increment
205159,0.01153208,Retrieve
205159,0.019162457,Increment
205818,0.020226661,Retrieve
205818,0.019104185,Increment
206485,0.019593365,Retrieve
206485,0.026355075,Increment
207151,0.011993214,Retrieve
207151,0.023754618,Increment
207810,0.011499003,Retrieve
207810,0.020550008,Increment
208463,0.013492239,Retrieve
208463,0.023377378,Increment
209126,0.015858344,Retrieve
209126,0.017795273,Increment
209786,0.014133084,Retrieve
209786,0.021185362,Increment
210455,0.012824128,Retrieve
210455,0.019267676,Increment
211149,0.011208573,Retrieve
211149,0.02467287,Increment
211813,0.011982988,Retrieve
211813,0.02345458,Increment
212474,0.013784054,Retrieve
212474,0.018496137,Increment
213135,0.023957721,Retrieve
213135,0.018537039,Increment
213801,0.017894907,Retrieve
213801,0.025472049,Increment
214476,0.012852188,Retrieve
214476,0.024243523,Increment
215142,0.017651082,Retrieve
215142,0.0296566,Increment
215819,0.016226372,Retrieve
215819,0.024517958,Increment
216485,0.010228845,Retrieve
216485,0.028576007,Increment
217151,0.014803718,Retrieve
217151,0.055542806,Increment
217849,0.014828391,Retrieve
217849,0.024514488,Increment
218518,0.016301828,Retrieve
218518,0.022858196,Increment
219185,0.013610563,Retrieve
219185,0.020865829,Increment
219841,0.01508255,Retrieve
219841,0.021000259,Increment
220506,0.014208773,Retrieve
220506,0.022015749,Increment
221165,0.01532247,Retrieve
221165,0.072055085,Increment
221875,0.014116519,Retrieve
221875,0.019805382,Increment
222535,0.009377688,Retrieve
222535,0.017469769,Increment
223186,0.010916933,Retrieve
223186,0.01974159,Increment
223842,0.011003192,Retrieve
223842,0.027387798,Increment
224509,0.014050536,Retrieve
224509,0.022507631,Increment
225171,0.013954678,Retrieve
225171,0.020578876,Increment
225835,0.012672565,Retrieve
225835,0.019105911,Increment
226492,0.020482226,Retrieve
226492,0.022274684,Increment
227160,0.01756478,Retrieve
227160,0.023854035,Increment
227835,0.014458519,Retrieve
227835,0.024502877,Increment
228500,0.013347046,Retrieve
228500,0.017978171,Increment
229159,0.015522656,Retrieve
229159,0.022289488,Increment
229827,0.011293974,Retrieve
229827,0.023384231,Increment
230491,0.012804631,Retrieve
230491,0.018180668,Increment
231151,0.010808493,Retrieve
231151,0.02002402,Increment
231806,0.014475581,Retrieve
231806,0.022066023,Increment
232470,0.011065915,Retrieve
232470,0.018102854,Increment
233129,0.015208628,Retrieve
233129,0.018085057,Increment
233790,0.013057243,Retrieve
233790,0.023722791,Increment
234456,0.011843564,Retrieve
234456,0.018916104,Increment
235109,0.017031392,Retrieve
235109,0.022587857,Increment
235776,0.013678553,Retrieve
235776,0.027197317,Increment
236446,0.015789621,Retrieve
236446,0.024616911,Increment
237110,0.014125035,Retrieve
237110,0.02363073,Increment
237770,0.010360753,Retrieve
237770,0.019983446,Increment
238422,0.009761418,Retrieve
238422,0.038976583,Increment
239095,0.019977402,Retrieve
239095,0.032969703,Increment
239772,0.012627268,Retrieve
239772,0.026532717,Increment
240435,0.011540167,Retrieve
240435,0.022481546,Increment
241095,0.013841872,Retrieve
241095,0.02569351,Increment
241764,0.013794532,Retrieve
241764,0.018695997,Increment
242426,0.012957341,Retrieve
242426,0.023915296,Increment
243090,0.015175178,Retrieve
243090,0.023974742,Increment
243751,0.01868393,Retrieve
243751,0.018712984,Increment
244410,0.011381772,Retrieve
244410,0.022474879,Increment
245074,0.02349047,Retrieve
245074,0.01982398,Increment
245744,0.012197489,Retrieve
245744,0.017196764,Increment
246398,0.01358059,Retrieve
246398,0.021146835,Increment
247061,0.0139388,Retrieve
247061,0.02055729,Increment
247718,0.013907798,Retrieve
247718,0.02299919,Increment
248385,0.010781979,Retrieve
248385,0.018712371,Increment
249040,0.010160659,Retrieve
249040,0.019086707,Increment
249694,0.011764272,Retrieve
249694,0.01749816,Increment
250348,0.011654907,Retrieve
250348,0.016467721,Increment
251001,0.012569914,Retrieve
251001,0.019337221,Increment
251658,0.015104797,Retrieve
251658,0.024851355,Increment
252326,0.013131116,Retrieve
252326,0.021938595,Increment
252993,0.011882606,Retrieve
252993,0.017391291,Increment
253648,0.013648733,Retrieve
253648,0.024502168,Increment
254312,0.01371157,Retrieve
254312,0.019341984,Increment
254968,0.013054974,Retrieve
254968,0.023188986,Increment
255629,0.011548758,Retrieve
255629,0.020227927,Increment
256285,0.015499009,Retrieve
256285,0.024179015,Increment
256946,0.009655576,Retrieve
256946,0.020162534,Increment
257598,0.012958266,Retrieve
257598,0.020417832,Increment
258260,0.013286191,Retrieve
258260,0.026419966,Increment
258924,0.012672118,Retrieve
258924,0.020223094,Increment
259585,0.011056662,Retrieve
259585,0.023887736,Increment
260248,0.010898533,Retrieve
260248,0.018415114,Increment
260904,0.012783222,Retrieve
260904,0.018603244,Increment
261566,0.011451187,Retrieve
261566,0.02346926,Increment
262227,0.015604393,Retrieve
262227,0.021929473,Increment
262900,0.011336055,Retrieve
262900,0.051852202,Increment
263585,0.011574214,Retrieve
263585,0.018720237,Increment
264249,0.010325694,Retrieve
264249,0.01805825,Increment
264906,0.012821707,Retrieve
264906,0.021177484,Increment
265574,0.012686622,Retrieve
265574,0.022083166,Increment
266240,0.013647394,Retrieve
266240,0.023441934,Increment
266906,0.013530788,Retrieve
266906,0.020588141,Increment
267568,0.013850131,Retrieve
267568,0.018070418,Increment
268229,0.014517848,Retrieve
268229,0.02742864,Increment
268895,0.017135767,Retrieve
268895,0.025966216,Increment
269570,0.011906865,Retrieve
269570,0.020999934,Increment
270227,0.012023895,Retrieve
270227,0.020908545,Increment
270885,0.009803502,Retrieve
270885,0.020094848,Increment
271540,0.013150949,Retrieve
271540,0.029470478,Increment
272210,0.00997947,Retrieve
272210,0.016919737,Increment
272861,0.016884776,Retrieve
272861,0.016207487,Increment
273519,0.01311915,Retrieve
273519,0.018644543,Increment
274176,0.011619066,Retrieve
274176,0.017330132,Increment
274831,0.011295077,Retrieve
274831,0.024889524,Increment
275492,0.011455355,Retrieve
275492,0.016725612,Increment
276144,0.009401745,Retrieve
276144,0.021708199,Increment
276811,0.015614759,Retrieve
276811,0.01783595,Increment
277467,0.01244825,Retrieve
277467,0.02001423,Increment
278126,0.011849689,Retrieve
278126,0.022538139,Increment
278789,0.011212655,Retrieve
278789,0.027826107,Increment
279456,0.010205564,Retrieve
279456,0.025281069,Increment
280116,0.016682377,Retrieve
280116,0.025689961,Increment
280785,0.012523185,Retrieve
280785,0.022678538,Increment
281445,0.011951134,Retrieve
281445,0.023146583,Increment
282109,0.0126765,Retrieve
282109,0.023685118,Increment
282775,0.012360279,Retrieve
282775,0.025958426,Increment
283437,0.012535373,Retrieve
283437,0.024774992,Increment
284101,0.013228652,Retrieve
284101,0.019496335,Increment
284762,0.014772183,Retrieve
284762,0.026114699,Increment
285426,0.011258207,Retrieve
285426,0.01865975,Increment
286085,0.011148689,Retrieve
286085,0.021548074,Increment
286745,0.011087282,Retrieve
286745,0.018166756,Increment
287401,0.011879441,Retrieve
287401,0.020674271,Increment
288062,0.017810396,Retrieve
288062,0.027671072,Increment
288735,0.012995,Retrieve
288735,0.019693781,Increment
289393,0.013261597,Retrieve
289393,0.027776608,Increment
290061,0.013476151,Retrieve
290061,0.023637777,Increment
290726,0.015042561,Retrieve
290726,0.043774105,Increment
291414,0.012644918,Retrieve
291414,0.024313332,Increment
292076,0.014756478,Retrieve
292076,0.025119021,Increment
292738,0.013101865,Retrieve
292738,0.020250969,Increment
293394,0.016640047,Retrieve
293394,0.023126636,Increment
294057,0.014552719,Retrieve
294057,0.023394373,Increment
294726,0.013138742,Retrieve
294726,0.020389137,Increment
295391,0.01341654,Retrieve
295391,0.01944679,Increment
296052,0.017429128,Retrieve
296052,0.025805798,Increment
296721,0.013573819,Retrieve
296721,0.019783577,Increment
297377,0.013955796,Retrieve
297377,0.026437503,Increment
298037,0.014439049,Retrieve
298037,0.019978292,Increment
298698,0.013621416,Retrieve
298698,0.020739502,Increment
299359,0.017492953,Retrieve
299359,0.021887258,Increment
300026,0.015493793,Retrieve
300026,0.024436225,Increment
300695,0.017287685,Retrieve
300695,0.025330281,Increment
301369,0.012948316,Retrieve
301369,0.018502805,Increment
302029,0.015247007,Retrieve
302029,0.021438696,Increment
302694,0.014682876,Retrieve
302694,0.023921512,Increment
303362,0.014469893,Retrieve
303362,0.018943287,Increment
304049,0.013337744,Retrieve
304049,0.021398012,Increment
304707,0.012593506,Retrieve
304707,0.019693296,Increment
305368,0.014152885,Retrieve
305368,0.021364757,Increment
306032,0.014102521,Retrieve
306032,0.025557791,Increment
306702,0.012598531,Retrieve
306702,0.021233407,Increment
307361,0.010303822,Retrieve
307361,0.022473471,Increment
308022,0.014455553,Retrieve
308022,0.020860582,Increment
308686,0.013533018,Retrieve
308686,0.020277217,Increment
309347,0.010818568,Retrieve
309347,0.025511668,Increment
310006,0.012782222,Retrieve
310006,0.018244479,Increment
310659,0.01448992,Retrieve
310659,0.019669849,Increment
311325,0.012902921,Retrieve
311325,0.022198963,Increment
311987,0.024472612,Retrieve
311987,0.034272972,Increment
312726,0.016812022,Retrieve
312726,0.033425446,Increment
313406,0.014207853,Retrieve
313406,0.023580493,Increment
314069,0.018675577,Retrieve
314069,0.020246276,Increment
314731,0.012821248,Retrieve
314731,0.021634649,Increment
315388,0.013803043,Retrieve
315388,0.023392267,Increment
316056,0.014047679,Retrieve
316056,0.023047052,Increment
316716,0.015494238,Retrieve
316716,0.017994401,Increment
317385,0.016196751,Retrieve
317385,0.027933945,Increment
318056,0.014116569,Retrieve
318056,0.024373977,Increment
318735,0.016078121,Retrieve
318735,0.020754492,Increment
319397,0.011950609,Retrieve
319397,0.024831227,Increment
320061,0.012879485,Retrieve
320061,0.024627435,Increment
320727,0.017036315,Retrieve
320727,0.028526697,Increment
321398,0.011148586,Retrieve
321398,0.022654862,Increment
322059,0.014091553,Retrieve
322059,0.020062747,Increment
322726,0.01804048,Retrieve
322726,0.018919489,Increment
323392,0.015340095,Retrieve
323392,0.02239386,Increment
324060,0.013249883,Retrieve
324060,0.023087037,Increment
324723,0.013435164,Retrieve
324723,0.025731652,Increment
325389,0.010777446,Retrieve
325389,0.021269853,Increment
326055,0.012635625,Retrieve
326055,0.020764423,Increment
326718,0.013552215,Retrieve
326718,0.025178389,Increment
327385,0.01460314,Retrieve
327385,0.020939625,Increment
328043,0.020754492,Retrieve
328043,0.024529145,Increment
328713,0.015032868,Retrieve
328713,0.022979123,Increment
329376,0.016668523,Retrieve
329376,0.025586753,Increment
330043,0.015912344,Retrieve
330043,0.024896004,Increment
330725,0.013869035,Retrieve
330725,0.025813273,Increment
331392,0.014706556,Retrieve
331392,0.025322321,Increment
332061,0.017949994,Retrieve
332061,0.019256411,Increment
332731,0.018829092,Retrieve
332731,0.021384731,Increment
333394,0.014640778,Retrieve
333394,0.025025453,Increment
334061,0.016580752,Retrieve
334061,0.022372506,Increment
334726,0.014000639,Retrieve
334726,0.022297179,Increment
335392,0.012320001,Retrieve
335392,0.018874572,Increment
336048,0.02079832,Retrieve
336048,0.022465957,Increment
336718,0.016795943,Retrieve
336718,0.021735694,Increment
337382,0.016748301,Retrieve
337382,0.027078466,Increment
338056,0.011939983,Retrieve
338056,0.026588058,Increment
338725,0.012878454,Retrieve
338725,0.02085974,Increment
339385,0.012986726,Retrieve
339385,0.018682793,Increment
340041,0.011491301,Retrieve
340041,0.024820841,Increment
340706,0.014440326,Retrieve
340706,0.022666654,Increment
341370,0.016384217,Retrieve
341370,0.033417895,Increment
342043,0.010148578,Retrieve
342043,0.024236936,Increment
342706,0.015553041,Retrieve
342706,0.022037982,Increment
343377,0.015018223,Retrieve
343377,0.026748742,Increment
344048,0.016730018,Retrieve
344048,0.020499009,Increment
344713,0.010739233,Retrieve
344713,0.018756667,Increment
345369,0.011396019,Retrieve
345369,0.020053672,Increment
346021,0.015005722,Retrieve
346021,0.022836142,Increment
346682,0.015771397,Retrieve
346682,0.021374941,Increment
347342,0.016126707,Retrieve
347342,0.021232227,Increment
348007,0.013595894,Retrieve
348007,0.023624831,Increment
348672,0.016757827,Retrieve
348672,0.021485671,Increment
349337,0.017496502,Retrieve
349337,0.025065118,Increment
350007,0.014343784,Retrieve
350007,0.021371851,Increment
350670,0.015124896,Retrieve
350670,0.020308966,Increment
351327,0.016827374,Retrieve
351327,0.022453224,Increment
351993,0.014957631,Retrieve
351993,0.021554185,Increment
352660,0.014452509,Retrieve
352660,0.021206165,Increment
353324,0.011162516,Retrieve
353324,0.021867992,Increment
353985,0.01768789,Retrieve
353985,0.019052438,Increment
354652,0.012826184,Retrieve
354652,0.020913352,Increment
355313,0.013262058,Retrieve
355313,0.025564447,Increment
355979,0.015099165,Retrieve
355979,0.023788711,Increment
356643,0.013845915,Retrieve
356643,0.022251002,Increment
357308,0.011018269,Retrieve
357308,0.022965399,Increment
357969,0.016754667,Retrieve
357969,0.020226938,Increment
358630,0.01428395,Retrieve
358630,0.023077764,Increment
359293,0.011378216,Retrieve
359293,5.571952199,Increment
365502,0.016604304,Retrieve
365502,0.021443483,Increment
366168,0.011399681,Retrieve
366168,0.023617843,Increment
366830,0.01698441,Retrieve
366830,0.026260802,Increment
367498,0.014003305,Retrieve
367498,0.02418374,Increment
368165,0.011696589,Retrieve
368165,0.020283597,Increment
368818,0.014168362,Retrieve
368818,0.018594316,Increment
369476,0.015116471,Retrieve
369476,0.020912427,Increment
370135,0.012899843,Retrieve
370135,0.02651291,Increment
370800,0.011188699,Retrieve
370800,0.019854117,Increment
371456,0.012300215,Retrieve
371456,0.023415845,Increment
372118,0.011461083,Retrieve
372118,0.021552799,Increment
372777,0.016043783,Retrieve
372777,0.0254754,Increment
373449,0.012130137,Retrieve
373449,0.051226344,Increment
374137,0.015587173,Retrieve
374137,0.029948427,Increment
374811,0.01941937,Retrieve
374811,0.020583892,Increment
375485,0.011886391,Retrieve
375485,0.02291512,Increment
376150,0.017716795,Retrieve
376150,0.027376911,Increment
376824,0.011894723,Retrieve
376824,0.023288204,Increment
377485,0.014388501,Retrieve
377485,0.02408741,Increment
378149,0.011061626,Retrieve
378149,0.022791135,Increment
378812,0.010274499,Retrieve
378812,0.022830518,Increment
379476,0.01522199,Retrieve
379476,0.019557838,Increment
380133,0.012984193,Retrieve
380133,0.023302437,Increment
380796,0.010336086,Retrieve
380796,0.019965994,Increment
381447,0.01167337,Retrieve
381447,0.017239403,Increment
382106,0.014498126,Retrieve
382106,0.022544472,Increment
382809,0.013947004,Retrieve
382809,0.028868083,Increment
383482,0.011851096,Retrieve
383482,0.024742174,Increment
384151,0.013485304,Retrieve
384151,0.024548446,Increment
384814,0.013500059,Retrieve
384814,0.0234401,Increment
385480,0.01132417,Retrieve
385480,0.026712101,Increment
386143,0.017180656,Retrieve
386143,0.018307786,Increment
386801,0.011877997,Retrieve
386801,0.024094011,Increment
387460,0.014764534,Retrieve
387460,0.023036245,Increment
388124,0.018807188,Retrieve
388124,0.019813522,Increment
388792,0.016083913,Retrieve
388792,0.019301992,Increment
389455,0.012254926,Retrieve
389455,0.022082786,Increment
390118,0.011026996,Retrieve
390118,0.020300428,Increment
390794,0.011095315,Retrieve
390794,0.019152659,Increment
391456,0.011274067,Retrieve
391456,0.023475974,Increment
392122,0.014551178,Retrieve
392122,0.019472298,Increment
392785,0.014254049,Retrieve
392785,0.019834965,Increment
393450,0.009918477,Retrieve
393450,0.021347998,Increment
394112,0.013475546,Retrieve
394112,0.020417768,Increment
394775,0.013387588,Retrieve
394775,0.018898662,Increment
395434,0.013407376,Retrieve
395434,0.021863619,Increment
396095,0.014839739,Retrieve
396095,0.021539685,Increment
396759,0.011206386,Retrieve
396759,0.021665651,Increment
397423,0.015724312,Retrieve
397423,0.025681151,Increment
398092,0.011299215,Retrieve
398092,0.020936842,Increment
398751,0.013781491,Retrieve
398751,0.023553536,Increment
399414,0.014990506,Retrieve
399414,0.022220225,Increment
400075,0.013494369,Retrieve
400075,0.022934578,Increment
400735,0.011486594,Retrieve
400735,0.020921309,Increment
401394,0.012857382,Retrieve
401394,0.032769003,Increment
402068,0.013960082,Retrieve
402068,0.022516969,Increment
402729,0.01329894,Retrieve
402729,0.021211448,Increment
403392,0.011526994,Retrieve
403392,0.052129388,Increment
404081,0.010485145,Retrieve
404081,0.020933261,Increment
404736,0.03986148,Retrieve
404736,0.024591343,Increment
405425,0.012307791,Retrieve
405425,0.02031475,Increment
406085,0.012842821,Retrieve
406085,0.018946434,Increment
406743,0.014541091,Retrieve
406743,0.021278042,Increment
407409,0.018432303,Retrieve
407409,0.0267397,Increment
408085,0.013410514,Retrieve
408085,0.018961314,Increment
408743,0.011118183,Retrieve
408743,0.020314432,Increment
409398,0.01836874,Retrieve
409398,0.020852479,Increment
410063,0.013309632,Retrieve
410063,0.021623055,Increment
410726,0.012099915,Retrieve
410726,0.021816643,Increment
411385,0.011555382,Retrieve
411385,0.021362191,Increment
412045,0.015500203,Retrieve
412045,0.023260323,Increment
412712,0.011192901,Retrieve
412712,0.022406265,Increment
413368,0.019314975,Retrieve
413368,0.020471731,Increment
414036,0.017486803,Retrieve
414036,0.028769703,Increment
414706,0.018838801,Retrieve
414706,0.021963556,Increment
415375,0.011729526,Retrieve
415375,0.023252318,Increment
416040,0.014929121,Retrieve
416040,0.022962666,Increment
416706,0.015056303,Retrieve
416706,0.024063772,Increment
417367,0.013513326,Retrieve
417367,0.025286326,Increment
418027,0.011931022,Retrieve
418027,0.02485779,Increment
418691,0.010258803,Retrieve
418691,0.021150314,Increment
419347,0.011094505,Retrieve
419347,0.026858077,Increment
420009,0.017297526,Retrieve
420009,0.024219622,Increment
420685,0.009604729,Retrieve
420685,0.022863132,Increment
421345,0.013456322,Retrieve
421345,0.027778918,Increment
422018,0.014722414,Retrieve
422018,0.017713541,Increment
422678,0.016965136,Retrieve
422678,0.018009163,Increment
423336,0.011574318,Retrieve
423336,0.02007252,Increment
423995,0.01593576,Retrieve
423995,0.020416131,Increment
424658,0.016196114,Retrieve
424658,0.025058562,Increment
425324,0.013325296,Retrieve
425324,0.02280632,Increment
425990,0.014778359,Retrieve
425990,0.021899062,Increment
426652,0.013855015,Retrieve
426652,0.020774447,Increment
427316,0.014314674,Retrieve
427316,0.022525556,Increment
427978,0.011998881,Retrieve
427978,0.023016181,Increment
428643,0.013751285,Retrieve
428643,0.023209646,Increment
429306,0.013318434,Retrieve
429306,0.023858936,Increment
429968,0.014784474,Retrieve
429968,0.022417071,Increment
430633,0.013717101,Retrieve
430633,0.022150583,Increment
431296,0.015892151,Retrieve
431296,0.020596013,Increment
431960,0.017023281,Retrieve
431960,0.019191958,Increment
432623,0.014020916,Retrieve
432623,0.025516255,Increment
433292,0.01273321,Retrieve
433292,0.022170615,Increment
433956,0.011457604,Retrieve
433956,0.020483716,Increment
434618,0.012040006,Retrieve
434618,0.022327949,Increment
435278,0.009252416,Retrieve
435278,0.027327367,Increment
435939,0.012012371,Retrieve
435939,0.020288475,Increment
436593,0.027034829,Retrieve
436593,0.020337605,Increment
437268,0.010829077,Retrieve
437268,0.022098116,Increment
437927,0.012829869,Retrieve
437927,0.02338582,Increment
438586,0.015890659,Retrieve
438586,0.020840724,Increment
439252,0.011496595,Retrieve
439252,0.020550143,Increment
439911,0.015197871,Retrieve
439911,0.019237288,Increment
440573,0.015205318,Retrieve
440573,0.029314552,Increment
441240,0.015983569,Retrieve
441240,0.020136377,Increment
441901,0.013533255,Retrieve
441901,0.02281601,Increment
442566,0.013244445,Retrieve
442566,0.021087927,Increment
443226,0.013531362,Retrieve
443226,0.022494078,Increment
443891,0.013317643,Retrieve
443891,0.02164702,Increment
444557,0.013330765,Retrieve
444557,0.019492675,Increment
445218,0.013470997,Retrieve
445218,0.028658287,Increment
445885,0.014222384,Retrieve
445885,0.020609621,Increment
446549,0.015220665,Retrieve
446549,0.024549878,Increment
447215,0.011557148,Retrieve
447215,0.027748696,Increment
447880,0.010130647,Retrieve
447880,0.020540787,Increment
448542,0.011364671,Retrieve
448542,0.021702962,Increment
449205,0.00977545,Retrieve
449205,0.019040281,Increment
449862,0.017815772,Retrieve
449862,0.021798621,Increment
450529,0.020344435,Retrieve
450529,0.024698512,Increment
451200,0.025341397,Retrieve
451200,0.036740829,Increment
451892,0.015108278,Retrieve
451892,0.024805323,Increment
452558,0.015209375,Retrieve
452558,0.028768317,Increment
453225,0.014349842,Retrieve
453225,0.02254421,Increment
453885,0.013315042,Retrieve
453885,0.025451905,Increment
454547,0.019639049,Retrieve
454547,0.02684366,Increment
455219,0.011851606,Retrieve
455219,0.022040274,Increment
455883,0.014086425,Retrieve
455883,0.026074891,Increment
456547,0.017593048,Retrieve
456547,0.025177428,Increment
457221,0.011989443,Retrieve
457221,0.021770966,Increment
457880,0.015757893,Retrieve
457880,0.033284,Increment
458554,0.011125709,Retrieve
458554,0.017997137,Increment
459208,0.011979965,Retrieve
459208,0.020458112,Increment
459868,0.037534768,Retrieve
459868,0.018693158,Increment
460549,0.0147962,Retrieve
460549,0.028351239,Increment
461218,0.015169037,Retrieve
461218,0.026483962,Increment
461885,0.011379337,Retrieve
461885,0.019462551,Increment
462543,0.010908542,Retrieve
462543,0.019663914,Increment
463204,0.01127441,Retrieve
463204,0.02431143,Increment
463867,0.01915155,Retrieve
463867,0.028434314,Increment
464544,0.017177547,Retrieve
464544,0.02315605,Increment
465208,0.014212068,Retrieve
465208,0.018192722,Increment
465868,0.016638039,Retrieve
465868,0.024079637,Increment
466538,0.016699022,Retrieve
466538,0.019305757,Increment
467202,0.012907266,Retrieve
467202,0.020702786,Increment
467861,0.012938979,Retrieve
467861,0.023911387,Increment
468524,0.013763812,Retrieve
468524,0.019392308,Increment
469185,0.014791758,Retrieve
469185,0.020896615,Increment
469850,0.018665611,Retrieve
469850,0.04193931,Increment
470535,0.012560312,Retrieve
470535,0.018319536,Increment
471192,0.014735061,Retrieve
471192,0.051751088,Increment
471883,0.014111284,Retrieve
471883,0.0223091,Increment
472541,0.018974198,Retrieve
472541,0.028295971,Increment
473218,0.009665933,Retrieve
473218,0.018848126,Increment
473876,0.015412129,Retrieve
473876,0.020314151,Increment
474536,0.011253612,Retrieve
474536,0.026928237,Increment
475206,0.015050537,Retrieve
475206,0.021247873,Increment
475868,0.017590498,Retrieve
475868,0.024953529,Increment
476539,0.013917952,Retrieve
476539,0.019659766,Increment
477206,0.012679135,Retrieve
477206,0.019110033,Increment
477866,0.013151058,Retrieve
477866,0.023918685,Increment
478529,0.009760328,Retrieve
478529,0.019825449,Increment
479185,0.012910641,Retrieve
479185,0.025807465,Increment
479851,0.018533302,Retrieve
479851,0.030718429,Increment
480535,0.012979825,Retrieve
480535,0.020854314,Increment
481197,0.017049488,Retrieve
481197,0.02351407,Increment
481875,0.013140862,Retrieve
481875,0.020889458,Increment
482535,0.013564295,Retrieve
482535,0.019443515,Increment
483192,0.013889008,Retrieve
483192,0.021183937,Increment
483858,0.015871932,Retrieve
483858,0.022833684,Increment
484523,0.015085399,Retrieve
484523,0.019544252,Increment
485193,0.014127706,Retrieve
485193,0.019753242,Increment
485859,0.011588897,Retrieve
485859,0.026075549,Increment
486527,0.019245012,Retrieve
486527,0.028748735,Increment
487206,0.018091454,Retrieve
487206,0.02594317,Increment
487885,0.015163897,Retrieve
487885,0.021368052,Increment
488545,0.011616318,Retrieve
488545,0.029547211,Increment
489208,0.01160606,Retrieve
489208,0.020542066,Increment
489869,0.014977746,Retrieve
489869,0.024583177,Increment
490535,0.015717764,Retrieve
490535,0.023252441,Increment
491208,0.016122682,Retrieve
491208,0.023907544,Increment
491877,0.012138906,Retrieve
491877,0.023984693,Increment
492541,0.010659769,Retrieve
492541,0.022790852,Increment
493206,0.014239402,Retrieve
493206,0.018711173,Increment
493862,0.014212011,Retrieve
493862,0.025254934,Increment
494524,0.014907535,Retrieve
494524,0.021328332,Increment
495192,0.014183487,Retrieve
495192,0.020009818,Increment
495854,0.016087794,Retrieve
495854,0.026727101,Increment
496534,0.013318982,Retrieve
496534,0.020078852,Increment
497193,0.014841116,Retrieve
497193,0.018542499,Increment
497860,0.013641641,Retrieve
497860,0.024785792,Increment
498529,0.010735001,Retrieve
498529,0.017813856,Increment
499185,0.011454859,Retrieve
499185,0.022614636,Increment
499849,0.012699766,Retrieve
499849,0.022667363,Increment
500511,0.01303879,Retrieve
500511,0.021265661,Increment
501174,0.01269431,Retrieve
501174,0.024809951,Increment
501842,0.013031642,Retrieve
501842,0.01742745,Increment
502507,0.013025432,Retrieve
502507,0.019791079,Increment
503175,0.014198431,Retrieve
503175,0.018245262,Increment
503840,0.010198112,Retrieve
503840,0.022003073,Increment
504506,0.015757668,Retrieve
504506,0.020173061,Increment
505177,0.012797439,Retrieve
505177,0.020605888,Increment
505835,0.011204927,Retrieve
505835,0.018937134,Increment
506492,0.011495861,Retrieve
506492,0.021897883,Increment
507159,0.012262682,Retrieve
507159,0.020814631,Increment
507818,0.011569253,Retrieve
507818,0.019411239,Increment
508475,0.010945362,Retrieve
508475,0.020411275,Increment
509135,0.013514972,Retrieve
509135,0.025156058,Increment
509804,0.011745186,Retrieve
509804,0.02379412,Increment
510475,0.014758261,Retrieve
510475,0.021817871,Increment
511142,0.018507967,Retrieve
511142,0.021891095,Increment
511809,0.012106825,Retrieve
511809,0.027860579,Increment
512475,0.016005054,Retrieve
512475,0.022736446,Increment
513141,0.01085179,Retrieve
513141,0.019855373,Increment
513806,0.013385973,Retrieve
513806,0.023204746,Increment
514468,0.012276572,Retrieve
514468,0.019165974,Increment
515135,0.009728987,Retrieve
515135,0.021239728,Increment
515791,0.015059545,Retrieve
515791,0.021472134,Increment
516456,0.013409021,Retrieve
516456,0.020908004,Increment
517118,0.012513841,Retrieve
517118,0.024284344,Increment
517785,0.015770298,Retrieve
517785,0.018784145,Increment
518443,0.013287758,Retrieve
518443,0.020909399,Increment
519110,0.012044127,Retrieve
519110,0.023254088,Increment
519775,0.011392429,Retrieve
519775,0.023319899,Increment
520435,0.014169889,Retrieve
520435,0.019656194,Increment
521106,0.014746587,Retrieve
521106,0.020508127,Increment
521768,0.011512452,Retrieve
521768,0.02207148,Increment
522427,0.013142436,Retrieve
522427,0.020983191,Increment
523094,0.016971495,Retrieve
523094,0.023740301,Increment
523759,0.016005856,Retrieve
523759,0.01890298,Increment
524418,0.013153616,Retrieve
524418,0.024459366,Increment
525084,0.017444531,Retrieve
525084,0.021578576,Increment
525751,0.011847088,Retrieve
525751,0.021473922,Increment
526415,0.011447709,Retrieve
526415,0.022529197,Increment
527076,0.013070368,Retrieve
527076,0.020339089,Increment
527735,0.013448208,Retrieve
527735,0.020814373,Increment
528395,0.01894532,Retrieve
528395,0.029453261,Increment
529069,0.01426604,Retrieve
529069,0.021780161,Increment
529735,0.01442701,Retrieve
529735,0.024367426,Increment
530409,0.013848344,Retrieve
530409,0.021162095,Increment
531070,0.011196065,Retrieve
531070,0.036284475,Increment
531744,0.013657275,Retrieve
531744,0.018225701,Increment
532400,0.01298846,Retrieve
532400,0.020754482,Increment
533070,0.01129309,Retrieve
533070,0.039796172,Increment
533755,0.013965653,Retrieve
533755,0.017418023,Increment
534418,0.017325898,Retrieve
534418,0.022042999,Increment
535085,0.012585425,Retrieve
535085,0.022021259,Increment
535745,0.01456508,Retrieve
535745,0.02230206,Increment
536406,0.012811741,Retrieve
536406,0.021767997,Increment
537068,0.01145351,Retrieve
537068,0.024468653,Increment
537735,0.013273399,Retrieve
537735,0.027701875,Increment
538408,0.012614607,Retrieve
538408,0.016903488,Increment
539065,0.013214183,Retrieve
539065,0.018868071,Increment
539735,0.017642215,Retrieve
539735,0.019173366,Increment
540398,0.014835634,Retrieve
540398,0.023951628,Increment
541068,0.009383444,Retrieve
541068,0.02718028,Increment
541735,0.015377087,Retrieve
541735,0.023454057,Increment
542406,0.010248444,Retrieve
542406,0.02082615,Increment
543060,0.010584219,Retrieve
543060,0.018911818,Increment
543718,0.014793125,Retrieve
543718,0.017461566,Increment
544375,0.013076539,Retrieve
544375,0.02020959,Increment
545042,0.015340754,Retrieve
545042,0.022596719,Increment
545706,0.014236335,Retrieve
545706,0.022450442,Increment
546375,0.014805074,Retrieve
546375,0.021860052,Increment
547048,0.009897068,Retrieve
547048,0.025834069,Increment
547709,0.015623498,Retrieve
547709,0.021452167,Increment
548376,0.013592987,Retrieve
548376,0.021127597,Increment
549035,0.013358197,Retrieve
549035,0.017305116,Increment
549692,0.014083549,Retrieve
549692,0.01765881,Increment
550358,0.012743736,Retrieve
550358,0.017226039,Increment
551018,0.013749081,Retrieve
551018,0.022403073,Increment
551685,0.011663583,Retrieve
551685,0.020091792,Increment
552344,0.010935417,Retrieve
552344,0.026090733,Increment
553006,0.01122355,Retrieve
553006,0.017752598,Increment
553668,0.011078579,Retrieve
553668,0.020859355,Increment
554326,0.017102044,Retrieve
554326,0.019331518,Increment
554988,0.014605647,Retrieve
554988,0.019527954,Increment
555656,0.031029597,Retrieve
555656,0.026320148,Increment
556343,0.012701387,Retrieve
556343,0.026324942,Increment
557018,0.011862022,Retrieve
557018,0.021223474,Increment
557679,0.014036,Retrieve
557679,0.023532215,Increment
558344,0.012619188,Retrieve
558344,0.019981468,Increment
559006,0.013174094,Retrieve
559006,0.019422599,Increment
559662,0.015052534,Retrieve
559662,0.02115203,Increment
560325,0.017733877,Retrieve
560325,0.028363703,Increment
560993,0.012077278,Retrieve
560993,0.023503994,Increment
561659,0.012719994,Retrieve
561659,0.02462701,Increment
562325,0.013386365,Retrieve
562325,0.021934887,Increment
562985,0.012708015,Retrieve
562985,0.021539917,Increment
563650,0.013826787,Retrieve
563650,0.021650807,Increment
564318,0.013621063,Retrieve
564318,0.021486579,Increment
564985,0.010941848,Retrieve
564985,0.021027464,Increment
565642,0.0121619,Retrieve
565642,0.019659083,Increment
566306,0.011439728,Retrieve
566306,0.022336928,Increment
566962,0.015341874,Retrieve
566962,0.019082393,Increment
567629,0.010575564,Retrieve
567629,0.021261937,Increment
568291,0.010658847,Retrieve
568291,0.025150522,Increment
568958,0.014497081,Retrieve
568958,0.062799232,Increment
569668,0.013737457,Retrieve
569668,0.019335463,Increment
570327,0.011603063,Retrieve
570327,0.022889506,Increment
570986,0.013407615,Retrieve
570986,0.019635588,Increment
571656,0.012897396,Retrieve
571656,0.022462535,Increment
572324,0.012694361,Retrieve
572324,0.023505041,Increment
572986,0.01338082,Retrieve
572986,0.024050278,Increment
573658,0.017137292,Retrieve
573658,0.021227417,Increment
574324,0.011505941,Retrieve
574324,0.020931896,Increment
574990,0.014159739,Retrieve
574990,0.018935206,Increment
575656,0.014061933,Retrieve
575656,0.019320708,Increment
576324,0.013379183,Retrieve
576324,0.025477715,Increment
577001,0.013734292,Retrieve
577001,0.019888677,Increment
577668,0.011511448,Retrieve
577668,0.021531045,Increment
578326,0.012706702,Retrieve
578326,0.020973582,Increment
578985,0.01145889,Retrieve
578985,0.020311209,Increment
579656,0.016874463,Retrieve
579656,0.019409438,Increment
580322,0.013143121,Retrieve
580322,0.0205564,Increment
580986,0.010766462,Retrieve
580986,0.020697249,Increment
581642,0.014208099,Retrieve
581642,0.021274935,Increment
582308,0.013798525,Retrieve
582308,0.021885326,Increment
582977,0.013113171,Retrieve
582977,0.020694242,Increment
583641,0.012502168,Retrieve
583641,0.02057618,Increment
584298,0.010958076,Retrieve
584298,0.026212178,Increment
584965,0.015180461,Retrieve
584965,0.021226329,Increment
585643,0.010466413,Retrieve
585643,0.018251395,Increment
586306,0.011540817,Retrieve
586306,0.02041828,Increment
586968,0.011093966,Retrieve
586968,0.018409777,Increment
587627,0.01096904,Retrieve
587627,0.018062064,Increment
588291,0.010902402,Retrieve
588291,0.020698526,Increment
588956,0.010945838,Retrieve
588956,0.025350939,Increment
589618,0.01361819,Retrieve
589618,0.020267991,Increment
590292,0.014000638,Retrieve
590292,0.018311387,Increment
590956,0.01430936,Retrieve
590956,0.021490617,Increment
591625,0.011618012,Retrieve
591625,0.023594097,Increment
592292,0.014346882,Retrieve
592292,0.022105509,Increment
592958,0.016375122,Retrieve
592958,0.018175221,Increment
593628,0.011593247,Retrieve
593628,0.018559928,Increment
594283,0.013244841,Retrieve
594283,0.025115119,Increment
594956,0.010961708,Retrieve
594956,0.024141893,Increment
595618,0.018268406,Retrieve
595618,0.021300835,Increment
596284,0.015675856,Retrieve
596284,0.022063919,Increment
596944,0.010434251,Retrieve
596944,0.019557076,Increment
597606,0.013219667,Retrieve
597606,0.020392704,Increment
598268,0.011318169,Retrieve
598268,0.023487424,Increment
598935,0.012606684,Retrieve
598935,0.01900613,Increment
599594,0.013474122,Retrieve
599594,0.019822428,Increment
600256,0.0105966,Retrieve
600256,0.020952328,Increment
600918,0.013598416,Retrieve
600918,0.019627993,Increment
601576,0.012205407,Retrieve
601576,0.022232552,Increment
602242,0.018224841,Retrieve
602242,0.019103625,Increment
602909,0.012886466,Retrieve
602909,0.019910675,Increment
603588,0.01405587,Retrieve
603588,0.019842324,Increment
604256,0.010228264,Retrieve
604256,0.021480564,Increment
604918,0.010830019,Retrieve
604918,0.02055655,Increment
605579,0.013385971,Retrieve
605579,0.023806245,Increment
606252,0.015158854,Retrieve
606252,0.022022189,Increment
606923,0.012471872,Retrieve
606923,0.020362728,Increment
607585,0.011308183,Retrieve
607585,0.020876629,Increment
608244,0.015234478,Retrieve
608244,0.017468917,Increment
608906,0.018356794,Retrieve
608906,0.02066037,Increment
609575,0.013473445,Retrieve
609575,0.023007704,Increment
610235,0.017705291,Retrieve
610235,0.022554865,Increment
610909,0.011834175,Retrieve
610909,0.020809803,Increment
611568,0.014487818,Retrieve
611568,0.021483216,Increment
612240,0.012479448,Retrieve
612240,0.020617421,Increment
612907,0.013509491,Retrieve
612907,0.019298454,Increment
613568,0.010892576,Retrieve
613568,0.022391563,Increment
614235,0.016406966,Retrieve
614235,0.017885052,Increment
614893,0.011186424,Retrieve
614893,0.027212388,Increment
615560,0.015055089,Retrieve
615560,0.021081058,Increment
616224,0.02713238,Retrieve
616224,0.037501918,Increment
616918,0.015775075,Retrieve
616918,0.020400487,Increment
617585,0.013803164,Retrieve
617585,0.021452717,Increment
618253,0.024090599,Retrieve
618253,0.037138743,Increment
618942,0.0141197,Retrieve
618942,0.030796851,Increment
619618,0.014033273,Retrieve
619618,0.024985449,Increment
620285,0.017576158,Retrieve
620285,0.02759633,Increment
620956,0.011460207,Retrieve
620956,0.01964692,Increment
621612,0.011822054,Retrieve
621612,0.020705251,Increment
622276,0.012881456,Retrieve
622276,0.020673665,Increment
622943,0.014196439,Retrieve
622943,0.031837556,Increment
623618,0.012267811,Retrieve
623618,0.02114202,Increment
624285,0.013512276,Retrieve
624285,0.024494146,Increment
624952,0.025794575,Retrieve
624952,0.042815737,Increment
625648,0.014609492,Retrieve
625648,0.018711125,Increment
626306,0.013000512,Retrieve
626306,0.023783147,Increment
626975,0.015318421,Retrieve
626975,0.022425521,Increment
627642,0.011434846,Retrieve
627642,0.020993946,Increment
628306,0.013680034,Retrieve
628306,0.026039074,Increment
628974,0.012465015,Retrieve
628974,0.019519559,Increment
629642,0.012075456,Retrieve
629642,0.023323587,Increment
630306,0.0108463,Retrieve
630306,0.022169584,Increment
630968,0.013170287,Retrieve
630968,0.018200416,Increment
631635,0.016826662,Retrieve
631635,0.018810993,Increment
632296,0.011093329,Retrieve
632296,0.021215247,Increment
632953,0.015505521,Retrieve
632953,0.017671008,Increment
633608,0.011451194,Retrieve
633608,0.020528485,Increment
634268,0.014631744,Retrieve
634268,0.02240912,Increment
634933,0.011132475,Retrieve
634933,0.023766797,Increment
635596,0.014046065,Retrieve
635596,0.020311033,Increment
636258,0.013271683,Retrieve
636258,0.017115411,Increment
636911,0.015226493,Retrieve
636911,0.019512505,Increment
637574,0.012143564,Retrieve
637574,0.019042352,Increment
638235,0.011322374,Retrieve
638235,0.024873425,Increment
638893,0.011187362,Retrieve
638893,0.018209343,Increment
639556,0.014714954,Retrieve
639556,0.021563362,Increment
640218,0.013721882,Retrieve
640218,0.02378612,Increment
640887,0.014199455,Retrieve
640887,0.022228142,Increment
641556,0.013011798,Retrieve
641556,0.020137377,Increment
642218,0.013178878,Retrieve
642218,0.024089615,Increment
642885,0.012951445,Retrieve
642885,0.018461396,Increment
643541,0.014285199,Retrieve
643541,0.019460115,Increment
644201,0.012966807,Retrieve
644201,0.022628028,Increment
644870,0.013395071,Retrieve
644870,0.020451305,Increment
645535,0.012550055,Retrieve
645535,0.02405367,Increment
646197,0.012053512,Retrieve
646197,0.022991109,Increment
646860,0.014840118,Retrieve
646860,0.0189681,Increment
647526,0.010194995,Retrieve
647526,0.017827002,Increment
648185,0.013677766,Retrieve
648185,0.024443748,Increment
648856,0.015751091,Retrieve
648856,0.019974643,Increment
649514,0.012114301,Retrieve
649514,0.027436182,Increment
650185,0.011759893,Retrieve
650185,0.027480259,Increment
650846,0.012356474,Retrieve
650846,0.021704805,Increment
651508,0.014324696,Retrieve
651508,0.017252414,Increment
652170,0.014811231,Retrieve
652170,0.024222835,Increment
652843,0.013189452,Retrieve
652843,0.025702429,Increment
653508,0.014255377,Retrieve
653508,0.019969272,Increment
654174,0.011038118,Retrieve
654174,0.023106491,Increment
654832,0.020989094,Retrieve
654832,0.020737293,Increment
655497,0.015009724,Retrieve
655497,0.020211112,Increment
656168,0.014353138,Retrieve
656168,0.020894516,Increment
656841,0.013116442,Retrieve
656841,0.017025484,Increment
657506,0.013759492,Retrieve
657506,0.022658891,Increment
658174,0.011352624,Retrieve
658174,0.898994713,Increment
659718,0.70484133,Retrieve
659718,0.021472735,Increment
661075,0.699294163,Retrieve
661075,0.062227303,Increment
662468,0.725669922,Retrieve
662468,0.029412153,Increment
663849,0.706596942,Retrieve
663849,0.022299754,Increment
665208,0.701183123,Retrieve
665208,0.019702475,Increment
666563,0.696814521,Retrieve
666563,0.022853445,Increment
667913,0.706335732,Retrieve
667913,0.019264755,Increment
669268,0.707196946,Retrieve
669268,0.015385827,Increment
670625,0.71448045,Retrieve
670625,0.016867555,Increment
671981,0.969072593,Retrieve
671981,0.020567756,Increment
673592,0.697664788,Retrieve
673592,0.020191905,Increment
674938,0.701576568,Retrieve
674938,0.017199973,Increment
676287,0.714205037,Retrieve
676287,0.015244681,Increment
677645,0.718066568,Retrieve
677645,0.030766029,Increment
679024,0.695940998,Retrieve
679024,0.018000823,Increment
680362,0.7643934,Retrieve
680362,0.01582044,Increment
681768,0.765062326,Retrieve
681768,0.018058459,Increment
683179,0.712436376,Retrieve
683179,0.033770948,Increment
684558,0.707420754,Retrieve
684558,0.024189911,Increment
685918,0.787907825,Retrieve
685918,0.027659725,Increment
687360,0.704926582,Retrieve
687360,0.021929055,Increment
688718,0.711679408,Retrieve
688718,0.018183266,Increment
690074,0.739637826,Retrieve
690074,0.019465674,Increment
691458,0.711468895,Retrieve
691458,0.018206153,Increment
692818,0.707736146,Retrieve
692818,0.024085685,Increment
694175,0.702972267,Retrieve
694175,0.025016068,Increment
695538,0.722946874,Retrieve
695538,0.025354654,Increment
696935,0.691661876,Retrieve
696935,0.019113132,Increment
698276,0.698075645,Retrieve
698276,0.021087861,Increment
699626,0.706995539,Retrieve
699626,0.020465303,Increment
700977,0.704927981,Retrieve
700977,0.021487037,Increment
702341,0.701421112,Retrieve
702341,0.020837701,Increment
703691,0.706510935,Retrieve
703691,0.018901505,Increment
705042,0.708435739,Retrieve
705042,0.022119965,Increment
706406,0.703957986,Retrieve
706406,0.018422902,Increment
707753,0.709094037,Retrieve
707753,0.020065295,Increment
709124,0.689693282,Retrieve
709124,0.017325247,Increment
710460,0.694689199,Retrieve
710460,0.028634378,Increment
711810,0.699043161,Retrieve
711810,0.023584723,Increment
713168,0.716238141,Retrieve
713168,0.020915134,Increment
714535,0.724263555,Retrieve
714535,0.019688354,Increment
715914,0.761356505,Retrieve
715914,0.019916002,Increment
717329,0.703751938,Retrieve
717329,0.022517123,Increment
718687,0.703444169,Retrieve
718687,0.020183429,Increment
720037,0.702296111,Retrieve
720037,0.021104847,Increment
721385,0.719181178,Retrieve
721385,0.018037495,Increment
722754,0.692270563,Retrieve
722754,0.020407466,Increment
724101,0.716731411,Retrieve
724101,0.026041869,Increment
725468,0.823794934,Retrieve
725468,0.023646503,Increment
726943,0.699879096,Retrieve
726943,0.020608339,Increment
728290,0.696965613,Retrieve
728290,0.019600577,Increment
729641,0.776002559,Retrieve
729641,0.89513959,Increment
731946,0.002504064,Retrieve
731946,0.007425295,Increment
732585,0.000810071,Retrieve
732585,0.008317765,Increment
733245,0.000827309,Retrieve
733245,0.007569226,Increment
733882,0.000785262,Retrieve
733882,0.008667408,Increment
734518,0.000741279,Retrieve
734518,0.007772653,Increment
735156,0.000798463,Retrieve
735156,0.007093121,Increment
735790,0.000946239,Retrieve
735790,0.010174627,Increment
736428,0.000938819,Retrieve
736428,0.007323977,Increment
737062,0.00081245,Retrieve
737062,0.00772872,Increment
737701,0.000803127,Retrieve
737701,0.007538319,Increment
738333,0.000750848,Retrieve
738333,0.007723536,Increment
738969,0.000722863,Retrieve
738969,0.007889078,Increment
739606,0.000809391,Retrieve
739606,0.008101667,Increment
740242,0.000792812,Retrieve
740242,0.007781493,Increment
740875,0.000774801,Retrieve
740875,0.017926336,Increment
741526,0.000803217,Retrieve
741526,0.007499581,Increment
742162,0.000784706,Retrieve
742162,0.008581365,Increment
742806,0.000714041,Retrieve
742806,0.009691205,Increment
743439,0.000761572,Retrieve
743439,0.006953383,Increment
744070,0.000920851,Retrieve
744070,0.007560341,Increment
744706,0.00087714,Retrieve
744706,0.007808372,Increment
745341,0.000847765,Retrieve
745341,0.008024697,Increment
745975,0.000793446,Retrieve
745975,0.011959833,Increment
746618,0.000810967,Retrieve
746618,0.0093061,Increment
747256,0.000787687,Retrieve
747256,0.007141729,Increment
747891,0.000862103,Retrieve
747891,0.008175397,Increment
748525,0.000853531,Retrieve
748525,0.00734291,Increment
749158,0.00077125,Retrieve
749158,0.009577268,Increment
749796,0.000764334,Retrieve
749796,0.008887172,Increment
750441,0.0008683,Retrieve
750441,0.008236921,Increment
751081,0.000807092,Retrieve
751081,0.020966074,Increment
751732,0.000771534,Retrieve
751732,0.012856903,Increment
752373,0.000868843,Retrieve
752373,0.009927871,Increment
753007,0.000814486,Retrieve
753007,0.009464918,Increment
753643,0.000863956,Retrieve
753643,0.008321848,Increment
754278,0.000820127,Retrieve
754278,0.00894786,Increment
754918,0.000808235,Retrieve
754918,0.01144102,Increment
755557,0.000722631,Retrieve
755557,0.008371988,Increment
756190,0.000846226,Retrieve
756190,0.009588143,Increment
756835,0.000835604,Retrieve
756835,0.008950026,Increment
757474,0.000765526,Retrieve
757474,0.008925933,Increment
758118,0.001072442,Retrieve
758118,0.008476447,Increment
758760,0.000940798,Retrieve
758760,0.008724924,Increment
759401,0.000902845,Retrieve
759401,0.008531823,Increment
760036,0.000798681,Retrieve
760036,0.008976988,Increment
760741,0.000776866,Retrieve
760741,0.009789516,Increment
761374,0.000770175,Retrieve
761374,0.024654303,Increment
762023,0.000799851,Retrieve
762023,0.008547819,Increment
762661,0.000938649,Retrieve
762661,0.012280531,Increment
763306,0.000862932,Retrieve
763306,0.008283845,Increment
763942,0.000998261,Retrieve
763942,0.009672843,Increment
764585,0.000755101,Retrieve
764585,0.0087756,Increment
765224,0.000891396,Retrieve
765224,0.010185014,Increment
765863,0.000776621,Retrieve
765863,0.00853915,Increment
766506,0.000881462,Retrieve
766506,0.008922567,Increment
767141,0.000839201,Retrieve
767141,0.008585076,Increment
767785,0.000793175,Retrieve
767785,0.009089838,Increment
768418,0.000837216,Retrieve
768418,0.00908416,Increment
769057,0.000810489,Retrieve
769057,0.008605928,Increment
769692,0.000870888,Retrieve
769692,0.009725893,Increment
770335,0.000864263,Retrieve
770335,0.008611077,Increment
770975,0.000718904,Retrieve
770975,0.008918088,Increment
771618,0.000790967,Retrieve
771618,0.009364742,Increment
772260,0.000801331,Retrieve
772260,0.008544447,Increment
772895,0.000775458,Retrieve
772895,0.008382818,Increment
773538,0.000803638,Retrieve
773538,0.009338464,Increment
774175,0.000803543,Retrieve
774175,0.008879276,Increment
774806,0.000769963,Retrieve
774806,0.009177732,Increment
775443,0.000772609,Retrieve
775443,0.010368709,Increment
776088,0.000776277,Retrieve
776088,0.008829519,Increment
776735,0.000825733,Retrieve
776735,0.012523836,Increment
777376,0.000793214,Retrieve
777376,0.008825524,Increment
778018,0.000953097,Retrieve
778018,0.013576558,Increment
778664,0.000768225,Retrieve
778664,0.008633032,Increment
779306,0.000745622,Retrieve
779306,0.00955563,Increment
779941,0.000800439,Retrieve
779941,0.008786325,Increment
780581,0.000754848,Retrieve
780581,0.008875484,Increment
781218,0.000733243,Retrieve
781218,0.008766843,Increment
781854,0.000710647,Retrieve
781854,0.009610411,Increment
782493,0.001196026,Retrieve
782493,0.009342884,Increment
783135,0.000825946,Retrieve
783135,0.008959852,Increment
783769,0.000901629,Retrieve
783769,0.009094387,Increment
784408,0.000742494,Retrieve
784408,0.009024773,Increment
785047,0.000799814,Retrieve
785047,0.009350251,Increment
785686,0.00092975,Retrieve
785686,0.009484778,Increment
786323,0.000730332,Retrieve
786323,0.008623219,Increment
786957,0.000763865,Retrieve
786957,0.010192112,Increment
787592,0.000854052,Retrieve
787592,0.008877736,Increment
788236,0.000800847,Retrieve
788236,0.009291097,Increment
788873,0.000859355,Retrieve
788873,0.009202207,Increment
789519,0.000818945,Retrieve
789519,0.009369052,Increment
790160,0.000770788,Retrieve
790160,0.010091111,Increment
790806,0.00081792,Retrieve
790806,0.009557957,Increment
791441,0.000697876,Retrieve
791441,0.008125153,Increment
792075,0.000797295,Retrieve
792075,0.012304032,Increment
792712,0.001338532,Retrieve
792712,0.009383984,Increment
793356,0.000821085,Retrieve
793356,0.009432849,Increment
793995,0.000862757,Retrieve
793995,0.008855484,Increment
794635,0.000805052,Retrieve
794635,0.008098006,Increment
795277,0.00075813,Retrieve
795277,0.008705682,Increment
795918,0.000858269,Retrieve
795918,0.00901248,Increment
796557,0.000785503,Retrieve
796557,0.008776642,Increment
797199,0.000775949,Retrieve
797199,0.009548637,Increment
797840,0.000742873,Retrieve
797840,0.011514629,Increment
798487,0.001057146,Retrieve
798487,0.009048305,Increment
799125,0.000768761,Retrieve
799125,0.008758237,Increment
799768,0.000756532,Retrieve
799768,0.009171794,Increment
800408,0.0008091,Retrieve
800408,0.008882237,Increment
801046,0.00069571,Retrieve
801046,0.009081766,Increment
801687,0.000824769,Retrieve
801687,0.008497097,Increment
802324,0.000815947,Retrieve
802324,0.019448303,Increment
802974,0.000846178,Retrieve
802974,0.008241028,Increment
803617,0.000839891,Retrieve
803617,0.007738248,Increment
804258,0.000869014,Retrieve
804258,0.008489455,Increment
804900,0.00093311,Retrieve
804900,0.008196726,Increment
805535,0.000847446,Retrieve
805535,0.008201296,Increment
806174,0.000784568,Retrieve
806174,0.007979462,Increment
806818,0.00079616,Retrieve
806818,0.007570943,Increment
807459,0.00081744,Retrieve
807459,0.019089434,Increment
808108,0.000748375,Retrieve
808108,0.011535257,Increment
808745,0.000785442,Retrieve
808745,0.007237417,Increment
809385,0.000738732,Retrieve
809385,0.008695016,Increment
810018,0.000801305,Retrieve
810018,0.007854489,Increment
810673,0.000764089,Retrieve
810673,0.00779469,Increment
811309,0.000813543,Retrieve
811309,0.007760123,Increment
811944,0.000788711,Retrieve
811944,0.007363796,Increment
812585,0.000762077,Retrieve
812585,0.007294699,Increment
813218,0.000924887,Retrieve
813218,0.007961196,Increment
813856,0.000752331,Retrieve
813856,0.007944603,Increment
814494,0.000844126,Retrieve
814494,0.00779887,Increment
815135,0.000764401,Retrieve
815135,0.008126717,Increment
815768,0.001054832,Retrieve
815768,0.007979222,Increment
816409,0.000860767,Retrieve
816409,0.007687177,Increment
817043,0.000793666,Retrieve
817043,0.007419714,Increment
817685,0.000844635,Retrieve
817685,0.007489549,Increment
818324,0.000815547,Retrieve
818324,0.008820184,Increment
818959,0.000769014,Retrieve
818959,0.00816974,Increment
819599,0.000819199,Retrieve
819599,0.007355376,Increment
820235,0.000802551,Retrieve
820235,0.013278193,Increment
820885,0.11587419,Retrieve
820885,0.019495106,Increment
821660,0.012979551,Retrieve
821660,0.021296683,Increment
822318,0.015057484,Retrieve
822318,0.024388218,Increment
822985,0.012358345,Retrieve
822985,0.026142033,Increment
823656,0.01503516,Retrieve
823656,0.022744525,Increment
824326,0.01239613,Retrieve
824326,0.019324926,Increment
824991,0.0144801,Retrieve
824991,0.019827665,Increment
825659,0.01415417,Retrieve
825659,0.021585782,Increment
826324,0.014897483,Retrieve
826324,0.022639301,Increment
826991,0.013172335,Retrieve
826991,0.020811836,Increment
827656,0.010706694,Retrieve
827656,0.026810182,Increment
828318,0.014824433,Retrieve
828318,0.020035405,Increment
828979,0.01567302,Retrieve
828979,0.022558847,Increment
829643,0.011613163,Retrieve
829643,0.022559056,Increment
830313,0.016005668,Retrieve
830313,0.019571969,Increment
830977,0.014254278,Retrieve
830977,0.019187797,Increment
831641,0.015862832,Retrieve
831641,0.023097886,Increment
832301,0.014424832,Retrieve
832301,0.017498413,Increment
832958,0.013469513,Retrieve
832958,0.019737948,Increment
833618,0.012554445,Retrieve
833618,0.02269805,Increment
834278,0.010958981,Retrieve
834278,0.023925161,Increment
834942,0.013691789,Retrieve
834942,0.035472158,Increment
835618,0.014729106,Retrieve
835618,0.018898914,Increment
836285,0.011536914,Retrieve
836285,0.023624755,Increment
836951,0.031311521,Retrieve
836951,0.020269619,Increment
837628,0.011822757,Retrieve
837628,0.018508329,Increment
838290,0.013476836,Retrieve
838290,0.021334858,Increment
838955,0.014475381,Retrieve
838955,0.033226079,Increment
839638,0.011846361,Retrieve
839638,0.022316737,Increment
840299,0.011654591,Retrieve
840299,0.0231007,Increment
840968,0.011726183,Retrieve
840968,0.021449954,Increment
841641,0.013103119,Retrieve
841641,0.034736378,Increment
842324,0.01460336,Retrieve
842324,0.01939963,Increment
842985,0.013315997,Retrieve
842985,0.021776592,Increment
843656,0.013296025,Retrieve
843656,0.024284769,Increment
844325,0.012333227,Retrieve
844325,0.020850708,Increment
844985,0.014482672,Retrieve
844985,0.024758713,Increment
845645,0.013947059,Retrieve
845645,0.022096196,Increment
846311,0.01826226,Retrieve
846311,0.023177593,Increment
846985,0.011693174,Retrieve
846985,0.020933699,Increment
847647,0.011301087,Retrieve
847647,0.02118012,Increment
848307,0.01317938,Retrieve
848307,0.020548358,Increment
848974,0.014245115,Retrieve
848974,0.021474731,Increment
849637,0.011472335,Retrieve
849637,0.020642802,Increment
850294,0.011705392,Retrieve
850294,0.025263669,Increment
850958,0.014116138,Retrieve
850958,0.017902531,Increment
851630,0.014093613,Retrieve
851630,0.027197928,Increment
852306,0.015845575,Retrieve
852306,0.031259308,Increment
852979,0.012928994,Retrieve
852979,0.02263588,Increment
853641,0.01164008,Retrieve
853641,0.021792,Increment
854306,0.030396895,Retrieve
854306,0.023375099,Increment
854991,0.013633496,Retrieve
854991,0.026120486,Increment
855659,0.013233781,Retrieve
855659,0.025498472,Increment
856328,0.012768905,Retrieve
856328,0.024479861,Increment
856990,0.014207102,Retrieve
856990,0.020898857,Increment
857650,0.014729588,Retrieve
857650,0.0210337,Increment
858320,0.011185422,Retrieve
858320,0.019771375,Increment
858985,0.014343205,Retrieve
858985,0.019447677,Increment
859650,0.01705976,Retrieve
859650,0.021883595,Increment
860318,0.014326021,Retrieve
860318,0.023332467,Increment
860985,0.012148383,Retrieve
860985,0.021457999,Increment
861656,0.015047519,Retrieve
861656,0.022516342,Increment
862320,0.013394803,Retrieve
862320,0.01975848,Increment
862985,0.014849299,Retrieve
862985,0.024201091,Increment
863656,0.013922526,Retrieve
863656,0.028159498,Increment
864325,0.014058895,Retrieve
864325,0.020684228,Increment
864991,0.017714032,Retrieve
864991,0.037378276,Increment
865674,0.013577535,Retrieve
865674,0.018034612,Increment
866342,0.012795647,Retrieve
866342,0.026832061,Increment
867017,0.018726093,Retrieve
867017,0.027414189,Increment
867691,0.014698614,Retrieve
867691,0.021868458,Increment
868358,0.013528366,Retrieve
868358,0.022601735,Increment
869024,0.013791266,Retrieve
869024,0.019137529,Increment
869713,0.015982504,Retrieve
869713,0.019475818,Increment
870377,0.013284979,Retrieve
870377,0.022741144,Increment
871047,0.014259191,Retrieve
871047,0.021277048,Increment
871707,0.011264801,Retrieve
871707,0.019493121,Increment
872385,0.01337697,Retrieve
872385,0.01923432,Increment
873053,0.01162598,Retrieve
873053,0.017040319,Increment
873706,0.016378583,Retrieve
873706,0.019446473,Increment
874368,0.014823931,Retrieve
874368,0.021198054,Increment
875035,0.010428469,Retrieve
875035,0.025214918,Increment
875700,0.013861667,Retrieve
875700,0.018941038,Increment
876357,0.013091528,Retrieve
876357,0.021081702,Increment
877024,0.02973355,Retrieve
877024,0.020785291,Increment
877708,0.013177653,Retrieve
877708,0.033505032,Increment
878379,0.012184265,Retrieve
878379,0.022805568,Increment
879040,0.01284295,Retrieve
879040,0.018790184,Increment
879723,0.012114921,Retrieve
879723,0.02125533,Increment
880386,0.012137928,Retrieve
880386,0.018666793,Increment
881043,0.010628427,Retrieve
881043,0.022866856,Increment
881707,0.014201628,Retrieve
881707,0.023248,Increment
882377,0.014651722,Retrieve
882377,0.027352215,Increment
883045,0.017011952,Retrieve
883045,0.019776834,Increment
883707,0.011624908,Retrieve
883707,0.019610779,Increment
884373,0.013106285,Retrieve
884373,0.025857065,Increment
885037,0.011442371,Retrieve
885037,0.020398401,Increment
885691,0.011676772,Retrieve
885691,0.021219305,Increment
886352,0.011419337,Retrieve
886352,0.024337267,Increment
887018,0.012810059,Retrieve
887018,0.023043737,Increment
887685,0.013848873,Retrieve
887685,0.025786533,Increment
888359,0.012828522,Retrieve
888359,0.020723845,Increment
889025,0.011041551,Retrieve
889025,0.02082335,Increment
889685,0.01663985,Retrieve
889685,0.02241059,Increment
890355,0.014941307,Retrieve
890355,0.021420248,Increment
891018,0.013539052,Retrieve
891018,0.019924396,Increment
891685,0.012573793,Retrieve
891685,0.029294787,Increment
892358,0.016239107,Retrieve
892358,0.021273538,Increment
893035,0.013330945,Retrieve
893035,0.023490655,Increment
893706,0.025241979,Retrieve
893706,0.022459232,Increment
894381,0.015914186,Retrieve
894381,0.021865481,Increment
895045,0.01396374,Retrieve
895045,0.020910488,Increment
895709,0.011066865,Retrieve
895709,0.022400358,Increment
896368,0.012148719,Retrieve
896368,0.024305256,Increment
897041,0.011137111,Retrieve
897041,0.020827227,Increment
897706,0.015397548,Retrieve
897706,0.025698624,Increment
898374,0.014508668,Retrieve
898374,0.019495092,Increment
899035,0.011851172,Retrieve
899035,0.025336964,Increment
899694,0.020311348,Retrieve
899694,0.019421095,Increment
