0,6.202013568,Infer
0,0.08345537,Infer
0,0.085887787,Infer
0,0.070457474,Infer
0,0.061438745,Infer
38967,0.089777758,Infer
38967,0.139629093,Infer
38967,0.074862648,Infer
38967,0.063708592,Infer
38967,0.061640953,Infer
45918,0.07573679,Infer
45918,0.108409537,Infer
45918,0.07208167,Infer
45918,0.062451386,Infer
45918,0.054833458,Infer
52328,0.06607308,Infer
52328,0.059180853,Infer
52328,0.062193477,Infer
52328,0.060698508,Infer
52328,0.058092413,Infer
58003,0.066048226,Infer
58003,0.059665312,Infer
58003,0.060123029,Infer
58003,0.072704459,Infer
58003,0.095407307,Infer
64274,0.059464758,Infer
64274,0.059040681,Infer
64274,0.062324363,Infer
64274,0.061351071,Infer
64274,0.059372816,Infer
69937,0.059847866,Infer
69937,0.063007009,Infer
69937,0.054970193,Infer
69937,0.05793169,Infer
69937,0.057515388,Infer
75541,0.053177127,Infer
75541,0.07758718,Infer
75541,0.061477756,Infer
75541,0.061510825,Infer
75541,0.062388702,Infer
81351,0.067076111,Infer
81351,0.059035237,Infer
81351,0.058352986,Infer
81351,0.059235708,Infer
81351,0.061344462,Infer
87046,0.053534295,Infer
87046,0.057639292,Infer
87046,0.059335834,Infer
87046,0.060529676,Infer
87046,0.061534672,Infer
92606,0.069851013,Infer
92606,0.060127992,Infer
92606,0.063297403,Infer
92606,0.061524727,Infer
92606,0.057012179,Infer
98356,0.057207907,Infer
98356,0.060782031,Infer
98356,0.059091883,Infer
98356,0.064147966,Infer
98356,0.060268317,Infer
104008,0.047341009,Infer
104008,0.060071213,Infer
104008,0.062268198,Infer
104008,0.062403801,Infer
104008,0.055574283,Infer
109524,0.064765261,Infer
109524,0.060168712,Infer
109524,0.058014812,Infer
109524,0.060644393,Infer
109524,0.060067916,Infer
115259,0.059698119,Infer
115259,0.05973833,Infer
115259,0.062649356,Infer
115259,0.059285529,Infer
115259,0.059124462,Infer
120874,0.061656545,Infer
120874,0.057496433,Infer
120874,0.061980851,Infer
120874,0.05623057,Infer
120874,0.061513968,Infer
126546,0.118793197,Infer
126546,0.072279178,Infer
126546,0.062004497,Infer
126546,0.08112692,Infer
126546,0.074998891,Infer
133266,0.05442498,Infer
133266,0.057762905,Infer
133266,0.054576225,Infer
133266,0.061192208,Infer
133266,0.080956896,Infer
138996,0.063055081,Infer
138996,0.058808381,Infer
138996,0.059949703,Infer
138996,0.05796137,Infer
138996,0.060547785,Infer
144637,0.062634103,Infer
144637,0.057884392,Infer
144637,0.057280543,Infer
144637,0.059776898,Infer
144637,0.062517051,Infer
150251,0.065237199,Infer
150251,0.059062245,Infer
150251,0.059851699,Infer
150251,0.061975415,Infer
150251,0.058553109,Infer
155910,0.066144449,Infer
155910,0.059955875,Infer
155910,0.062464692,Infer
155910,0.054873898,Infer
155910,0.058700816,Infer
161578,0.0565709,Infer
161578,0.062564625,Infer
161578,0.057541198,Infer
161578,0.059678781,Infer
161578,0.060297366,Infer
167182,0.071117582,Infer
167182,0.059830542,Infer
167182,0.059487466,Infer
167182,0.046463923,Infer
167182,0.057035228,Infer
172755,0.060349677,Infer
172755,0.059360351,Infer
172755,0.05933671,Infer
172755,0.064967171,Infer
172755,0.093928598,Infer
178788,0.067911165,Infer
178788,0.058372357,Infer
178788,0.059507722,Infer
178788,0.061863296,Infer
178788,0.059266788,Infer
184495,0.087422364,Infer
184495,0.073259747,Infer
184495,0.084158072,Infer
184495,0.069273783,Infer
184495,0.065204272,Infer
191300,0.076890491,Infer
191300,0.06253786,Infer
191300,0.056757079,Infer
191300,0.058642619,Infer
191300,0.061547918,Infer
197099,0.05635482,Infer
197099,0.059907525,Infer
197099,0.059547005,Infer
197099,0.058162388,Infer
197099,0.058740959,Infer
202680,0.051983069,Infer
202680,0.061255893,Infer
202680,0.058167478,Infer
202680,0.059851709,Infer
202680,0.062233993,Infer
208273,0.059765981,Infer
208273,0.057816749,Infer
208273,0.063724041,Infer
208273,0.06097929,Infer
208273,0.059092366,Infer
213936,0.056992491,Infer
213936,0.058926647,Infer
213936,0.05278928,Infer
213936,0.055589448,Infer
213936,0.055930723,Infer
219366,0.055828681,Infer
219366,0.056711824,Infer
219366,0.057298869,Infer
219366,0.062667755,Infer
219366,0.058536978,Infer
224916,0.062730338,Infer
224916,0.063990197,Infer
224916,0.054262234,Infer
224916,0.064680141,Infer
224916,0.056905245,Infer
230534,0.099018376,Infer
230534,0.06325201,Infer
230534,0.056962073,Infer
230534,0.060379236,Infer
230534,0.063024999,Infer
236589,0.070332928,Infer
236589,0.05775925,Infer
236589,0.059629887,Infer
236589,0.058489676,Infer
236589,0.063015857,Infer
242306,0.052399109,Infer
242306,0.055715611,Infer
242306,0.061460584,Infer
242306,0.058786502,Infer
242306,0.058364331,Infer
247795,0.058706571,Infer
247795,0.05728955,Infer
247795,0.046728989,Infer
247795,0.053304532,Infer
247795,0.045432337,Infer
253054,0.06172866,Infer
253054,0.062083595,Infer
253054,0.060596364,Infer
253054,0.059179302,Infer
253054,0.059575438,Infer
258692,0.081764806,Infer
258692,0.067418886,Infer
258692,0.068094401,Infer
258692,0.063839719,Infer
258692,0.061104735,Infer
264778,0.0599454,Infer
264778,0.060062474,Infer
264778,0.064170274,Infer
264778,0.054581477,Infer
264778,0.063838908,Infer
270395,0.063633775,Infer
270395,0.057194968,Infer
270395,0.060495785,Infer
270395,0.060414276,Infer
270395,0.06249916,Infer
276033,0.063884132,Infer
276033,0.064108411,Infer
276033,0.057701131,Infer
276033,0.060985523,Infer
276033,0.059007692,Infer
281683,0.059778003,Infer
281683,0.05486184,Infer
281683,0.059230493,Infer
281683,0.063270568,Infer
281683,0.057662362,Infer
287228,0.066599684,Infer
287228,0.060663122,Infer
287228,0.06128235,Infer
287228,0.059388605,Infer
287228,0.059181186,Infer
292928,0.049248342,Infer
292928,0.073763335,Infer
292928,0.059611111,Infer
292928,0.059939474,Infer
292928,0.062380456,Infer
298601,0.052999869,Infer
298601,0.060169816,Infer
298601,0.064585648,Infer
298601,0.059645932,Infer
298601,0.059939975,Infer
304195,0.077839273,Infer
304195,0.056840184,Infer
304195,0.062596314,Infer
304195,0.058246566,Infer
304195,0.045734407,Infer
309866,0.05416638,Infer
309866,0.056462858,Infer
309866,0.059634037,Infer
309866,0.059550341,Infer
309866,0.062385912,Infer
315387,0.049942633,Infer
315387,0.058931366,Infer
315387,0.058387317,Infer
315387,0.058139263,Infer
315387,0.062206384,Infer
320887,0.065303987,Infer
320887,0.065126055,Infer
320887,0.059147606,Infer
320887,0.059801792,Infer
320887,0.062921962,Infer
326638,0.053863144,Infer
326638,0.059071592,Infer
326638,0.046060918,Infer
326638,2.820883888,Infer
326638,0.056470164,Infer
359645,0.069886651,Infer
359645,0.058218586,Infer
359645,0.067443849,Infer
359645,0.050558487,Infer
359645,0.061081289,Infer
365338,0.049703565,Infer
365338,0.063204883,Infer
365338,0.055253802,Infer
365338,0.063194317,Infer
365338,0.059690088,Infer
370945,0.054154326,Infer
370945,0.053635527,Infer
370945,0.058416711,Infer
370945,0.058203389,Infer
370945,0.064277343,Infer
376458,0.050704875,Infer
376458,0.060379944,Infer
376458,0.058884772,Infer
376458,0.063090492,Infer
376458,0.059992723,Infer
382033,0.105696583,Infer
382033,0.083991684,Infer
382033,0.132130034,Infer
382033,0.133184667,Infer
382033,0.077182238,Infer
389957,0.054292824,Infer
389957,0.05904502,Infer
389957,0.0586133,Infer
389957,0.061936605,Infer
389957,0.062011515,Infer
395551,0.060072953,Infer
395551,0.060974741,Infer
395551,0.060457386,Infer
395551,0.058070829,Infer
395551,0.061986188,Infer
401195,0.055891858,Infer
401195,0.062032768,Infer
401195,0.05955549,Infer
401195,0.058277102,Infer
401195,0.065963607,Infer
406845,0.047619762,Infer
406845,0.056765667,Infer
406845,0.062375885,Infer
406845,0.060838302,Infer
406845,0.056959339,Infer
412316,0.056734402,Infer
412316,0.058777491,Infer
412316,0.060673912,Infer
412316,0.0598385,Infer
412316,0.059434239,Infer
417896,0.059463094,Infer
417896,0.061437191,Infer
417896,0.060675263,Infer
417896,0.060855241,Infer
417896,0.059712556,Infer
423497,0.071386929,Infer
423497,0.059128381,Infer
423497,0.058535319,Infer
423497,0.062030338,Infer
423497,0.058867054,Infer
429266,0.050117346,Infer
429266,0.057997248,Infer
429266,0.055062782,Infer
429266,0.062857802,Infer
429266,0.061136414,Infer
434766,0.063939367,Infer
434766,0.060175791,Infer
434766,0.061617048,Infer
434766,0.061070521,Infer
434766,0.060509795,Infer
440468,0.048189168,Infer
440468,0.060368705,Infer
440468,0.078965365,Infer
440468,0.06009894,Infer
440468,0.061320514,Infer
446185,0.065580039,Infer
446185,0.048090934,Infer
446185,0.053736214,Infer
446185,0.060988012,Infer
446185,0.06134138,Infer
451703,0.051667762,Infer
451703,0.059031683,Infer
451703,0.059818537,Infer
451703,0.060386065,Infer
451703,0.055171122,Infer
457188,0.068290939,Infer
457188,0.05801676,Infer
457188,0.060842335,Infer
457188,0.060770774,Infer
457188,0.056914363,Infer
462819,0.055236806,Infer
462819,0.055888422,Infer
462819,0.05981154,Infer
462819,0.06220024,Infer
462819,0.059257125,Infer
468384,0.047380901,Infer
468384,0.058662049,Infer
468384,0.059203481,Infer
468384,0.060152392,Infer
468384,0.058052587,Infer
473878,0.058672525,Infer
473878,0.057235985,Infer
473878,0.059277682,Infer
473878,0.060934462,Infer
473878,0.05926258,Infer
479428,0.060780819,Infer
479428,0.060848075,Infer
479428,0.061789812,Infer
479428,0.058434206,Infer
479428,0.059294037,Infer
485083,0.068249465,Infer
485083,0.061517265,Infer
485083,0.059692272,Infer
485083,0.0596227,Infer
485083,0.061417671,Infer
490816,0.058547036,Infer
490816,0.055585186,Infer
490816,0.060603908,Infer
490816,0.059710705,Infer
490816,0.058993654,Infer
496397,0.057264512,Infer
496397,0.057035109,Infer
496397,0.060286057,Infer
496397,0.058813486,Infer
496397,0.064185412,Infer
501997,0.055635788,Infer
501997,0.059023822,Infer
501997,0.057228013,Infer
501997,0.061853488,Infer
501997,0.060735725,Infer
507578,0.051422635,Infer
507578,0.060951035,Infer
507578,0.058355406,Infer
507578,0.060293336,Infer
507578,0.058531566,Infer
513100,0.054720879,Infer
513100,0.060796303,Infer
513100,0.056386221,Infer
513100,0.060152576,Infer
513100,0.060004328,Infer
518632,0.056976905,Infer
518632,0.063717741,Infer
518632,0.060476134,Infer
518632,0.056960678,Infer
518632,0.060145723,Infer
524250,0.063374529,Infer
524250,0.059122724,Infer
524250,0.06151623,Infer
524250,0.059436437,Infer
524250,0.060052245,Infer
529878,0.056862562,Infer
529878,0.05396742,Infer
529878,0.062989037,Infer
529878,0.058649512,Infer
529878,0.059840983,Infer
535419,0.053171548,Infer
535419,0.057845999,Infer
535419,0.062189401,Infer
535419,0.060444178,Infer
535419,0.05977956,Infer
540966,0.063640108,Infer
540966,0.057962715,Infer
540966,0.060865467,Infer
540966,0.06092505,Infer
540966,0.059757626,Infer
546634,0.058977687,Infer
546634,0.057569878,Infer
546634,0.060463084,Infer
546634,0.061986333,Infer
546634,0.079871804,Infer
552433,0.059182663,Infer
552433,0.059269283,Infer
552433,0.058582779,Infer
552433,0.059301599,Infer
552433,0.059342673,Infer
558039,0.053477046,Infer
558039,0.061380177,Infer
558039,0.056640795,Infer
558039,0.061847313,Infer
558039,0.058435862,Infer
563562,0.052540431,Infer
563562,0.057955354,Infer
563562,0.059644063,Infer
563562,0.060450277,Infer
563562,0.058761999,Infer
569056,0.061379357,Infer
569056,0.056239961,Infer
569056,0.056224093,Infer
569056,0.062375582,Infer
569056,0.060821672,Infer
574647,0.068482614,Infer
574647,0.077928066,Infer
574647,0.08104979,Infer
574647,0.064960783,Infer
574647,0.073221945,Infer
580943,0.052142222,Infer
580943,0.057708103,Infer
580943,0.056732426,Infer
580943,0.061299488,Infer
580943,0.05958248,Infer
586445,0.051873972,Infer
586445,0.057224844,Infer
586445,0.061436878,Infer
586445,0.053983871,Infer
586445,0.060907196,Infer
591914,0.060304087,Infer
591914,0.057567321,Infer
591914,0.057908269,Infer
591914,0.066429828,Infer
591914,0.051562967,Infer
597480,0.050187117,Infer
597480,0.059104681,Infer
597480,0.063238535,Infer
597480,0.056338094,Infer
597480,0.063073947,Infer
603028,0.061906805,Infer
603028,0.060985437,Infer
603028,0.056748474,Infer
603028,0.061545813,Infer
603028,0.059471652,Infer
608666,0.059774387,Infer
608666,0.059967611,Infer
608666,0.07072046,Infer
608666,0.052990977,Infer
608666,0.073824861,Infer
614519,0.059511651,Infer
614519,0.062644832,Infer
614519,0.053272235,Infer
614519,0.058753836,Infer
614519,0.061114067,Infer
620049,0.058055831,Infer
620049,0.06084293,Infer
620049,0.058566644,Infer
620049,0.059201335,Infer
620049,0.063285072,Infer
625704,0.046615588,Infer
625704,0.062968757,Infer
625704,0.058450828,Infer
625704,0.057571565,Infer
625704,0.063515433,Infer
631195,0.060111622,Infer
631195,0.054365652,Infer
631195,0.061753146,Infer
631195,0.06513963,Infer
631195,0.056236216,Infer
636789,0.058100799,Infer
636789,0.062110442,Infer
636789,0.060805195,Infer
636789,0.057514598,Infer
636789,0.063619394,Infer
642445,0.06060985,Infer
642445,0.047484409,Infer
642445,0.056523886,Infer
642445,0.06049201,Infer
642445,0.064867509,Infer
647995,0.060082682,Infer
647995,0.05832105,Infer
647995,0.05585395,Infer
647995,0.061372372,Infer
647995,0.062446861,Infer
653586,0.066480718,Infer
653586,0.059982064,Infer
653586,0.058219901,Infer
653586,0.062430321,Infer
653586,0.059682422,Infer
659266,0.065178126,Infer
659266,0.061195271,Infer
659266,0.060078606,Infer
659266,0.060313823,Infer
659266,0.060633592,Infer
664946,0.046245007,Infer
664946,0.055923759,Infer
664946,0.084546469,Infer
664946,0.059101397,Infer
664946,0.055740194,Infer
670574,0.061186839,Infer
670574,0.056615775,Infer
670574,0.056790149,Infer
670574,0.063190537,Infer
670574,0.058154417,Infer
676155,0.053202131,Infer
676155,0.061996972,Infer
676155,0.062354939,Infer
676155,0.059920065,Infer
676155,0.057707656,Infer
681727,0.049691633,Infer
681727,0.054933776,Infer
681727,0.059953797,Infer
681727,0.062113917,Infer
681727,0.058015203,Infer
687163,0.063402196,Infer
687163,0.062856197,Infer
687163,0.058264218,Infer
687163,0.061899764,Infer
687163,0.060915638,Infer
692869,0.061898768,Infer
692869,0.060236367,Infer
692869,0.056738718,Infer
692869,0.061850642,Infer
692869,0.05748436,Infer
698477,0.050473096,Infer
698477,0.061046592,Infer
698477,0.059887939,Infer
698477,0.059408,Infer
698477,0.058776908,Infer
703995,0.055246171,Infer
703995,0.060668432,Infer
703995,0.05718481,Infer
703995,0.061315851,Infer
703995,0.059540237,Infer
709579,0.067315678,Infer
709579,0.06084983,Infer
709579,0.062195355,Infer
709579,0.084108394,Infer
709579,0.053653689,Infer
715491,0.05579834,Infer
715491,0.058448745,Infer
715491,0.061708015,Infer
715491,0.062344794,Infer
715491,0.059586117,Infer
721116,0.053452414,Infer
721116,0.06209488,Infer
721116,0.056777614,Infer
721116,0.059584328,Infer
721116,0.061072229,Infer
726658,0.06635308,Infer
726658,0.063578205,Infer
726658,0.058236052,Infer
726658,0.058074471,Infer
726658,0.060204383,Infer
732378,0.056354083,Infer
732378,0.061090445,Infer
732378,0.056189682,Infer
732378,0.057595509,Infer
732378,0.059505025,Infer
737883,0.064390675,Infer
737883,0.059760495,Infer
737883,0.061499632,Infer
737883,0.05910341,Infer
737883,0.060497961,Infer
743574,0.056528267,Infer
743574,0.063933285,Infer
743574,0.057938751,Infer
743574,0.057389115,Infer
743574,0.059146564,Infer
749135,0.05150852,Infer
749135,0.059883289,Infer
749135,0.059702438,Infer
749135,0.060493476,Infer
749135,0.060843291,Infer
754699,0.047657624,Infer
754699,0.061512976,Infer
754699,0.060061558,Infer
754699,0.058813917,Infer
754699,0.059447139,Infer
760204,0.047287512,Infer
760204,0.059217807,Infer
760204,0.057499813,Infer
760204,0.057558488,Infer
760204,0.059682002,Infer
765649,0.05846556,Infer
765649,0.059440456,Infer
765649,0.061680701,Infer
765649,0.059637759,Infer
765649,0.06072498,Infer
771271,0.060913883,Infer
771271,0.054112663,Infer
771271,0.063074015,Infer
771271,0.059765314,Infer
771271,0.062452285,Infer
776899,0.049866048,Infer
776899,0.059226368,Infer
776899,0.058193897,Infer
776899,0.0608228,Infer
776899,0.059074325,Infer
782404,0.048519556,Infer
782404,0.05852179,Infer
782404,0.05907577,Infer
782404,0.056517992,Infer
782404,0.063850783,Infer
787900,0.047341766,Infer
787900,0.061116336,Infer
787900,0.060749986,Infer
787900,0.057590359,Infer
787900,0.060917144,Infer
793382,0.050382872,Infer
793382,0.060653123,Infer
793382,0.054266803,Infer
793382,0.057794308,Infer
793382,0.064207424,Infer
798898,0.053983739,Infer
798898,0.059891843,Infer
798898,0.058009956,Infer
798898,0.048093745,Infer
798898,0.075068193,Infer
804428,0.068422931,Infer
804428,0.070703233,Infer
804428,0.068677614,Infer
804428,0.054965487,Infer
804428,0.057639861,Infer
810249,0.06264018,Infer
810249,0.056537092,Infer
810249,0.060599453,Infer
810249,0.062092163,Infer
810249,0.05775992,Infer
815866,0.058672481,Infer
815866,0.061574264,Infer
815866,0.057465163,Infer
815866,0.061993633,Infer
815866,0.075014738,Infer
821652,0.057306492,Infer
821652,0.062098433,Infer
821652,0.0585452,Infer
821652,0.057716586,Infer
821652,0.062185022,Infer
827249,0.060935221,Infer
827249,0.055211438,Infer
827249,0.05915696,Infer
827249,0.061697073,Infer
827249,0.061333544,Infer
832866,0.060296792,Infer
832866,0.047153894,Infer
832866,0.065836381,Infer
832866,0.054505625,Infer
832866,0.057194741,Infer
838328,0.071215495,Infer
838328,0.048748451,Infer
838328,0.077431841,Infer
838328,0.059370283,Infer
838328,0.060533002,Infer
844153,0.061180182,Infer
844153,0.057066608,Infer
844153,0.059203237,Infer
844153,0.0609768,Infer
844153,0.058429321,Infer
849745,0.060731402,Infer
849745,0.061408448,Infer
849745,0.056117361,Infer
849745,0.066505371,Infer
849745,0.058995751,Infer
855428,0.060707267,Infer
855428,0.059794016,Infer
855428,0.064054993,Infer
855428,0.062538466,Infer
855428,0.064953712,Infer
861157,0.316444209,Infer
861157,0.13202975,Infer
861157,0.056151807,Infer
861157,0.059785676,Infer
861157,0.063528101,Infer
870108,0.058657472,Infer
870108,0.064413388,Infer
870108,0.055158289,Infer
870108,0.05937324,Infer
870108,0.060639732,Infer
876332,0.061903702,Infer
876332,0.055159603,Infer
876332,0.059548481,Infer
876332,0.062590878,Infer
876332,0.059213956,Infer
881936,0.052584353,Infer
881936,0.057555507,Infer
881936,0.059097487,Infer
881936,0.062548793,Infer
881936,0.062404422,Infer
887514,0.055482689,Infer
887514,0.058285687,Infer
887514,0.048084999,Infer
887514,0.056261691,Infer
887514,0.060539022,Infer
892908,0.05821686,Infer
892908,0.061274266,Infer
892908,0.057503277,Infer
892908,0.059628984,Infer
892908,0.060229503,Infer
898506,0.062525554,Infer
898506,0.062791814,Infer
898506,0.059848073,Infer
898506,0.058305786,Infer
898506,0.059902557,Infer
904127,0.060164855,Infer
904127,0.060878215,Infer
904127,0.06237881,Infer
904127,0.058422047,Infer
904127,0.060149097,Infer
909761,0.06086815,Infer
909761,0.054706432,Infer
909761,0.061607841,Infer
909761,0.061006582,Infer
909761,0.060486462,Infer
915468,0.060174074,Infer
915468,0.064620747,Infer
915468,0.066612816,Infer
915468,0.05269699,Infer
915468,0.056072882,Infer
921081,0.064933581,Infer
921081,0.062153169,Infer
921081,0.059193033,Infer
921081,0.061322674,Infer
921081,0.062942915,Infer
926802,0.049819792,Infer
926802,0.05845501,Infer
926802,0.053814428,Infer
926802,0.061942327,Infer
926802,0.058257832,Infer
932253,0.055750428,Infer
932253,0.064521956,Infer
932253,0.057810436,Infer
932253,0.056790844,Infer
932253,0.059473233,Infer
937799,0.050822548,Infer
937799,0.057299296,Infer
937799,0.06244035,Infer
937799,0.059427065,Infer
937799,0.05963171,Infer
943330,0.060129197,Infer
943330,0.059919885,Infer
943330,0.057952116,Infer
943330,0.060311952,Infer
943330,0.059079556,Infer
948910,0.057675548,Infer
948910,0.062907079,Infer
948910,0.061876596,Infer
948910,0.057525252,Infer
948910,0.060353829,Infer
954516,0.053675401,Infer
954516,0.05720835,Infer
954516,0.046259466,Infer
954516,0.054778764,Infer
954516,0.06167506,Infer
959850,0.05845859,Infer
959850,0.058947609,Infer
959850,0.061898529,Infer
959850,0.055926249,Infer
959850,0.061152874,Infer
965446,0.063361988,Infer
965446,0.057274928,Infer
965446,0.061038153,Infer
965446,0.059320003,Infer
965446,0.06259505,Infer
971095,0.057225371,Infer
971095,0.058690401,Infer
971095,0.058338279,Infer
971095,0.061008796,Infer
971095,0.060689945,Infer
976652,0.053565811,Infer
976652,0.060057175,Infer
976652,0.060635588,Infer
976652,0.058881178,Infer
976652,0.058672506,Infer
982187,0.062341859,Infer
982187,0.062878645,Infer
982187,0.056126073,Infer
982187,0.06223105,Infer
982187,0.059042536,Infer
987788,0.056846266,Infer
987788,0.061699303,Infer
987788,0.057222221,Infer
987788,0.047110764,Infer
987788,0.056416561,Infer
993216,0.056884924,Infer
993216,0.05532689,Infer
993216,0.060646359,Infer
993216,0.062412085,Infer
993216,0.0572062,Infer
998738,0.050880594,Infer
998738,0.057271172,Infer
998738,0.058508535,Infer
998738,0.046274389,Infer
998738,0.057721432,Infer
1004057,0.049812639,Infer
1004057,0.060341338,Infer
1004057,0.061346047,Infer
1004057,0.060813668,Infer
1004057,0.058321541,Infer
1009581,0.067029743,Infer
1009581,0.060365643,Infer
1009581,0.059559805,Infer
1009581,0.062169971,Infer
1009581,0.057927259,Infer
1015270,0.045724661,Infer
1015270,0.05566292,Infer
1015270,0.06073095,Infer
1015270,0.060383762,Infer
1015270,0.058554928,Infer
1020666,0.058147267,Infer
1020666,0.059215297,Infer
1020666,0.06152202,Infer
1020666,0.058600161,Infer
1020666,0.060303943,Infer
1026292,0.055659151,Infer
1026292,0.064148838,Infer
1026292,0.058674439,Infer
1026292,0.061499707,Infer
1026292,0.058605909,Infer
1031878,0.052056065,Infer
1031878,0.054624161,Infer
1031878,0.057923911,Infer
1031878,0.06280182,Infer
1031878,0.057033501,Infer
1037362,0.064983114,Infer
1037362,0.060433552,Infer
1037362,0.078241396,Infer
1037362,0.069616096,Infer
1037362,0.076078701,Infer
1043460,0.062874453,Infer
1043460,0.060885015,Infer
1043460,0.064004812,Infer
1043460,0.05823762,Infer
1043460,0.060883625,Infer
1049160,0.04727882,Infer
1049160,0.057383663,Infer
1049160,0.057785446,Infer
1049160,0.060766828,Infer
1049160,0.061794334,Infer
1054651,0.057870601,Infer
1054651,0.057908157,Infer
1054651,0.060342492,Infer
1054651,0.06242557,Infer
1054651,0.058474091,Infer
1060228,0.080077521,Infer
1060228,0.067534144,Infer
1060228,0.087973182,Infer
1060228,0.063804346,Infer
1060228,0.059872743,Infer
1066445,0.063034541,Infer
1066445,0.057826671,Infer
1066445,0.059048842,Infer
1066445,0.060719161,Infer
1066445,0.061317134,Infer
1072091,0.051271064,Infer
1072091,0.060769571,Infer
1072091,0.059516316,Infer
1072091,0.057101831,Infer
1072091,0.063636886,Infer
1077681,0.049053413,Infer
1077681,0.053703627,Infer
1077681,0.061038998,Infer
1077681,0.059071535,Infer
1077681,0.059718252,Infer
1083118,0.051179602,Infer
1083118,0.06175475,Infer
1083118,0.059573355,Infer
1083118,0.059379844,Infer
1083118,0.059349532,Infer
1088619,0.049513476,Infer
1088619,0.059171107,Infer
1088619,0.063914559,Infer
1088619,0.054646175,Infer
1088619,0.061064916,Infer
1094123,0.05920015,Infer
1094123,0.062392144,Infer
1094123,0.056010927,Infer
1094123,0.058950559,Infer
1094123,0.060979107,Infer
1099766,0.05852374,Infer
1099766,0.060101922,Infer
1099766,0.059874831,Infer
1099766,0.059978983,Infer
1099766,0.061325232,Infer
1105369,0.058054214,Infer
1105369,0.059262738,Infer
1105369,0.059275421,Infer
1105369,0.058245356,Infer
1105369,0.046688093,Infer
1110790,0.058807897,Infer
1110790,0.05717401,Infer
1110790,0.058164449,Infer
1110790,0.063765659,Infer
1110790,0.057520319,Infer
1116360,0.046617307,Infer
1116360,0.057909479,Infer
1116360,0.061144023,Infer
1116360,0.060261357,Infer
1116360,0.059247441,Infer
1121836,0.054746202,Infer
1121836,0.055715458,Infer
1121836,0.061733378,Infer
1121836,0.062530259,Infer
1121836,0.05657898,Infer
1127342,0.067471503,Infer
1127342,0.057728474,Infer
1127342,0.060182776,Infer
1127342,0.05663405,Infer
1127342,0.060488959,Infer
1132992,0.090496895,Infer
1132992,0.059451443,Infer
1132992,0.060028202,Infer
1132992,0.062635931,Infer
1132992,0.059482172,Infer
1138966,0.055927946,Infer
1138966,0.069100051,Infer
1138966,0.072935482,Infer
1138966,0.066809512,Infer
1138966,0.07513386,Infer
1144994,0.052995598,Infer
1144994,0.060210577,Infer
1144994,0.056924101,Infer
1144994,0.058013749,Infer
1144994,0.060534474,Infer
1150518,0.051516436,Infer
1150518,0.057056791,Infer
1150518,0.059397252,Infer
1150518,0.060924493,Infer
1150518,0.060194299,Infer
1156020,0.06511525,Infer
1156020,0.063038273,Infer
1156020,0.059059406,Infer
1156020,0.08309526,Infer
1156020,0.05434947,Infer
1161880,0.061526772,Infer
1161880,0.061937185,Infer
1161880,0.063254345,Infer
1161880,0.058222404,Infer
1161880,0.058110694,Infer
1167531,0.05883823,Infer
1167531,0.061516612,Infer
1167531,0.058620504,Infer
1167531,0.060307776,Infer
1167531,0.060451808,Infer
1173123,0.062011115,Infer
1173123,0.062540291,Infer
1173123,0.058146972,Infer
1173123,0.060211817,Infer
1173123,0.058284033,Infer
1178757,0.050217997,Infer
1178757,0.06007555,Infer
1178757,0.057188376,Infer
1178757,0.060877919,Infer
1178757,0.05798261,Infer
1184255,0.052920069,Infer
1184255,0.059658225,Infer
1184255,0.060181294,Infer
1184255,0.061999056,Infer
1184255,0.058965956,Infer
1189784,0.059385398,Infer
1189784,0.062422977,Infer
1189784,0.058286582,Infer
1189784,0.062774992,Infer
1189784,0.05648229,Infer
1195398,0.06889752,Infer
1195398,0.056764824,Infer
1195398,0.060551046,Infer
1195398,0.056833754,Infer
1195398,0.060757804,Infer
1201092,0.057432563,Infer
1201092,0.057729105,Infer
1201092,0.062377198,Infer
1201092,0.058294901,Infer
1201092,0.065648888,Infer
1206723,0.061454739,Infer
1206723,0.058417475,Infer
1206723,0.059555994,Infer
1206723,0.059559765,Infer
1206723,0.063121782,Infer
1212373,0.04872789,Infer
1212373,0.060893088,Infer
1212373,0.057432108,Infer
1212373,0.060724543,Infer
1212373,0.058774774,Infer
1217885,0.06193191,Infer
1217885,0.067977675,Infer
1217885,0.052196202,Infer
1217885,0.059192407,Infer
1217885,0.059775419,Infer
1223500,0.064523501,Infer
1223500,0.059552868,Infer
1223500,0.06197696,Infer
1223500,0.05963929,Infer
1223500,0.059789034,Infer
1229156,0.049712563,Infer
1229156,0.055842759,Infer
1229156,0.063259975,Infer
1229156,0.059647004,Infer
1229156,0.057132708,Infer
1234650,0.059352829,Infer
1234650,0.054210377,Infer
1234650,0.058328667,Infer
1234650,0.062574995,Infer
1234650,0.059984599,Infer
1240223,0.048317649,Infer
1240223,0.057798284,Infer
1240223,0.059481681,Infer
1240223,0.056789092,Infer
1240223,0.046324599,Infer
1245482,0.061800889,Infer
1245482,0.059133763,Infer
1245482,0.05997583,Infer
1245482,0.045260549,Infer
1245482,0.059732708,Infer
1250948,0.05797135,Infer
1250948,0.058968549,Infer
1250948,0.061337786,Infer
1250948,0.05859505,Infer
1250948,0.063141722,Infer
1256578,0.048554147,Infer
1256578,0.060166114,Infer
1256578,0.05942278,Infer
1256578,0.061528001,Infer
1256578,0.055987558,Infer
1262030,0.055535099,Infer
1262030,0.058967295,Infer
1262030,0.057536072,Infer
1262030,0.059454393,Infer
1262030,0.0609252,Infer
1267584,0.05856345,Infer
1267584,0.060789118,Infer
1267584,0.06212925,Infer
1267584,0.057159129,Infer
1267584,0.061424847,Infer
1273202,0.054495656,Infer
1273202,0.063029284,Infer
1273202,0.059836364,Infer
1273202,0.058414657,Infer
1273202,0.061963315,Infer
1278845,0.060700142,Infer
1278845,0.062937148,Infer
1278845,0.059812514,Infer
1278845,0.057293475,Infer
1278845,0.062627381,Infer
1284468,0.052793582,Infer
1284468,0.047969078,Infer
1284468,0.059939026,Infer
1284468,0.073899909,Infer
1284468,0.061899145,Infer
1290052,0.051190285,Infer
1290052,0.056498085,Infer
1290052,0.061470723,Infer
1290052,0.058052401,Infer
1290052,0.061536497,Infer
1295793,0.053044323,Infer
1295793,0.061782393,Infer
1295793,0.060776767,Infer
1295793,0.05972263,Infer
1295793,0.058892349,Infer
1301320,0.060085373,Infer
1301320,0.061208508,Infer
1301320,0.045356516,Infer
1301320,0.059376711,Infer
1301320,0.056871727,Infer
1306785,0.060663389,Infer
1306785,0.060625841,Infer
1306785,0.058742216,Infer
1306785,0.063248197,Infer
1306785,0.060306017,Infer
1312403,0.058165618,Infer
1312403,0.06116727,Infer
1312403,0.059988741,Infer
1312403,0.061725151,Infer
1312403,0.060968634,Infer
1318039,0.065320536,Infer
1318039,0.057630533,Infer
1318039,0.059358059,Infer
1318039,0.062185625,Infer
1318039,0.060259264,Infer
1323701,0.064828455,Infer
1323701,0.076550384,Infer
1323701,0.064912426,Infer
1323701,0.060875006,Infer
1323701,0.073678447,Infer
1329712,0.051455297,Infer
1329712,0.055500645,Infer
1329712,0.064369506,Infer
1329712,0.056111609,Infer
1329712,0.059132948,Infer
1335213,0.052682821,Infer
1335213,0.059981661,Infer
1335213,0.061085726,Infer
1335213,0.059306252,Infer
1335213,0.059678507,Infer
1340747,0.059961402,Infer
1340747,0.056506721,Infer
1340747,0.058240321,Infer
1340747,0.06239446,Infer
1340747,0.059545082,Infer
1346316,0.052485521,Infer
1346316,0.057023703,Infer
1346316,0.060753372,Infer
1346316,0.059548017,Infer
1346316,0.061029445,Infer
1351816,0.053492312,Infer
1351816,0.054636735,Infer
1351816,0.061561815,Infer
1351816,0.057850488,Infer
1351816,0.062451582,Infer
1357335,0.045130758,Infer
1357335,0.05751931,Infer
1357335,0.060809936,Infer
1357335,0.06490444,Infer
1357335,0.05877207,Infer
1362854,0.054104929,Infer
1362854,0.058582737,Infer
1362854,0.059566428,Infer
1362854,0.058434537,Infer
1362854,0.058407453,Infer
1368340,0.047951737,Infer
1368340,0.055282098,Infer
1368340,0.059740824,Infer
1368340,0.059522252,Infer
1368340,0.06061037,Infer
1373792,0.052450539,Infer
1373792,0.04454405,Infer
1373792,0.053403186,Infer
1373792,0.059977602,Infer
1373792,0.061065718,Infer
1379113,0.056007535,Infer
1379113,0.059692052,Infer
1379113,0.073719642,Infer
1379113,0.060346739,Infer
1379113,0.061277956,Infer
1384823,0.059224974,Infer
1384823,0.059949633,Infer
1384823,0.061371838,Infer
1384823,0.060742081,Infer
1384823,0.062139279,Infer
1390480,0.061810769,Infer
1390480,0.061732395,Infer
1390480,0.059919609,Infer
1390480,0.06230995,Infer
1390480,0.058405803,Infer
1396116,0.04861478,Infer
1396116,0.05831151,Infer
1396116,0.059196132,Infer
1396116,0.058325097,Infer
1396116,0.064060627,Infer
1401624,0.060587573,Infer
1401624,0.056852746,Infer
1401624,0.061284573,Infer
1401624,0.057958891,Infer
1401624,0.058561961,Infer
1407204,0.057453574,Infer
1407204,0.060919265,Infer
1407204,0.059687455,Infer
1407204,0.060298859,Infer
1407204,0.061073588,Infer
1412816,0.058599327,Infer
1412816,0.060441102,Infer
1412816,0.062215354,Infer
1412816,0.057758993,Infer
1412816,0.058162101,Infer
1418495,0.053361125,Infer
1418495,0.057801286,Infer
1418495,0.058825287,Infer
1418495,0.059097003,Infer
1418495,0.060954037,Infer
1423985,0.057993531,Infer
1423985,0.056392769,Infer
1423985,0.059767126,Infer
1423985,0.061843209,Infer
1423985,0.071240405,Infer
1429692,0.054911061,Infer
1429692,0.058263972,Infer
1429692,0.059871282,Infer
1429692,0.058804158,Infer
1429692,0.061831513,Infer
1435217,0.065757364,Infer
1435217,0.062112672,Infer
1435217,0.060142217,Infer
1435217,0.060427511,Infer
1435217,0.058142754,Infer
1440901,0.059176907,Infer
1440901,0.062624373,Infer
1440901,0.060308723,Infer
1440901,0.058125585,Infer
1440901,0.058752011,Infer
1446513,0.050599425,Infer
1446513,0.054610222,Infer
1446513,0.063337306,Infer
1446513,0.05806036,Infer
1446513,0.067117889,Infer
1452099,0.067428129,Infer
1452099,0.05890964,Infer
1452099,0.060457513,Infer
1452099,0.094874079,Infer
1452099,0.063596531,Infer
1458163,0.073715141,Infer
1458163,0.081965691,Infer
1458163,0.063621747,Infer
1458163,0.061165646,Infer
1458163,0.060572395,Infer
1464231,0.051120697,Infer
1464231,0.057706069,Infer
1464231,0.06218331,Infer
1464231,0.061310983,Infer
1464231,0.060766795,Infer
1469777,0.064268719,Infer
1469777,0.05851391,Infer
1469777,0.05855923,Infer
1469777,0.059622344,Infer
1469777,0.062246792,Infer
1475448,0.052965131,Infer
1475448,0.061100935,Infer
1475448,0.056661001,Infer
1475448,0.061429632,Infer
1475448,0.071147301,Infer
1481104,0.061604601,Infer
1481104,0.058878298,Infer
1481104,0.064079356,Infer
1481104,0.054632824,Infer
1481104,0.058603401,Infer
1486680,0.046368587,Infer
1486680,0.05609393,Infer
1486680,0.061202826,Infer
1486680,0.057094064,Infer
1486680,0.045805007,Infer
1491936,0.06282799,Infer
1491936,0.062463538,Infer
1491936,0.058635198,Infer
1491936,0.061848718,Infer
1491936,0.057393638,Infer
1497612,0.050317157,Infer
1497612,0.059844087,Infer
1497612,0.071263497,Infer
1497612,0.066015723,Infer
1497612,0.082000279,Infer
1503531,0.069813848,Infer
1503531,0.104417885,Infer
1503531,0.127944599,Infer
1503531,0.077924235,Infer
1503531,0.102831258,Infer
1510967,0.053693118,Infer
1510967,0.060959154,Infer
1510967,0.055618104,Infer
1510967,0.060583607,Infer
1510967,0.044564847,Infer
1516362,0.062472831,Infer
1516362,0.059374317,Infer
1516362,0.059847533,Infer
1516362,0.058469909,Infer
1516362,0.05775895,Infer
1521988,0.054070133,Infer
1521988,0.058654814,Infer
1521988,0.059473872,Infer
1521988,0.061805579,Infer
1521988,0.058902337,Infer
1527528,0.057037433,Infer
1527528,0.059088487,Infer
1527528,0.057378027,Infer
1527528,0.080769559,Infer
1527528,0.060449065,Infer
1533278,0.059765253,Infer
1533278,0.060112898,Infer
1533278,0.062797831,Infer
1533278,0.060153278,Infer
1533278,0.061951457,Infer
1539084,0.085557769,Infer
1539084,0.057011213,Infer
1539084,0.057604001,Infer
1539084,0.063875567,Infer
1539084,0.05631728,Infer
1544888,0.056496413,Infer
1544888,0.059271651,Infer
1544888,0.058102813,Infer
1544888,0.058369956,Infer
1544888,0.057592804,Infer
1550421,0.057993276,Infer
1550421,0.060509744,Infer
1550421,0.060296415,Infer
1550421,0.061202344,Infer
1550421,0.058063497,Infer
1556030,0.05624555,Infer
1556030,0.056136973,Infer
1556030,0.061187391,Infer
1556030,0.061475293,Infer
1556030,0.079587806,Infer
1561767,0.058285689,Infer
1561767,0.061042147,Infer
1561767,0.055215324,Infer
1561767,0.06244681,Infer
1561767,0.060202825,Infer
1567353,0.057181901,Infer
1567353,0.056038644,Infer
1567353,0.065322865,Infer
1567353,0.075907429,Infer
1567353,0.087656871,Infer
1573362,0.058936511,Infer
1573362,0.060170231,Infer
1573362,0.065009792,Infer
1573362,0.056255631,Infer
1573362,0.059396252,Infer
1578956,0.064021952,Infer
1578956,0.061904613,Infer
1578956,0.063896125,Infer
1578956,0.053525853,Infer
1578956,0.060903861,Infer
1584624,0.054153493,Infer
1584624,0.087808398,Infer
1584624,0.059471704,Infer
1584624,0.083273747,Infer
1584624,0.050905821,Infer
1590596,0.050322391,Infer
1590596,0.056426786,Infer
1590596,0.059743521,Infer
1590596,0.057791054,Infer
1590596,0.05916071,Infer
1596041,0.054689785,Infer
1596041,0.062880948,Infer
1596041,0.060142444,Infer
1596041,0.057625432,Infer
1596041,0.045671712,Infer
1601481,0.061344049,Infer
1601481,0.063832743,Infer
1601481,0.05727928,Infer
1601481,0.059954015,Infer
1601481,0.046158389,Infer
1606937,0.062992567,Infer
1606937,0.062037788,Infer
1606937,0.061133369,Infer
1606937,0.06196959,Infer
1606937,0.058055324,Infer
1612612,0.052771997,Infer
1612612,0.059869927,Infer
1612612,0.058813484,Infer
1612612,0.104105288,Infer
1612612,0.111055967,Infer
1619080,0.059332549,Infer
1619080,0.061340305,Infer
1619080,0.060433591,Infer
1619080,0.061992133,Infer
1619080,0.061225283,Infer
1624735,0.048426234,Infer
1624735,0.059772361,Infer
1624735,0.057402261,Infer
1624735,0.056249571,Infer
1624735,0.04576465,Infer
1630041,0.058598193,Infer
1630041,0.059931228,Infer
1630041,0.063459246,Infer
1630041,0.083532078,Infer
1630041,0.056949966,Infer
1635874,0.063616989,Infer
1635874,0.060043505,Infer
1635874,0.059803514,Infer
1635874,0.061450881,Infer
1635874,0.065593136,Infer
1641609,0.051876415,Infer
1641609,0.057232878,Infer
1641609,0.05911018,Infer
1641609,0.060506794,Infer
1641609,0.060132572,Infer
1647123,0.062171904,Infer
1647123,0.059038603,Infer
1647123,0.05646069,Infer
1647123,0.061352531,Infer
1647123,0.062379674,Infer
1652728,0.053867527,Infer
1652728,0.061208558,Infer
1652728,0.057593058,Infer
1652728,0.060434255,Infer
1652728,0.061372016,Infer
1658276,0.061257283,Infer
1658276,0.062424428,Infer
1658276,0.05888489,Infer
1658276,0.059975056,Infer
1658276,0.060201477,Infer
1663941,0.058834291,Infer
1663941,0.061081994,Infer
1663941,0.056730964,Infer
1663941,0.061258394,Infer
1663941,0.061485283,Infer
1669566,0.057979461,Infer
1669566,0.062401068,Infer
1669566,0.056945457,Infer
1669566,0.060441128,Infer
1669566,0.059747347,Infer
1675290,0.048986313,Infer
1675290,0.060170144,Infer
1675290,0.056031557,Infer
1675290,0.061534534,Infer
1675290,0.062377773,Infer
1680816,0.064847193,Infer
1680816,0.063331366,Infer
1680816,0.059312677,Infer
1680816,0.058806392,Infer
1680816,0.062344416,Infer
1686532,0.06811962,Infer
1686532,0.061478469,Infer
1686532,0.05910616,Infer
1686532,0.061729839,Infer
1686532,0.058235443,Infer
1692233,0.05404557,Infer
1692233,0.054800929,Infer
1692233,0.065273543,Infer
1692233,0.072446242,Infer
1692233,0.059237072,Infer
1697916,0.06630792,Infer
1697916,0.060106247,Infer
1697916,0.05694778,Infer
1697916,0.063696101,Infer
1697916,0.060635145,Infer
1703595,0.062700763,Infer
1703595,0.060644727,Infer
1703595,0.061046326,Infer
1703595,0.059562878,Infer
1703595,0.060860412,Infer
1709266,0.055215839,Infer
1709266,0.058886303,Infer
1709266,0.06017821,Infer
1709266,0.062560804,Infer
1709266,0.05846706,Infer
1714829,0.051293351,Infer
1714829,0.058707765,Infer
1714829,0.061550982,Infer
1714829,0.061783328,Infer
1714829,0.05682539,Infer
1720333,0.053274242,Infer
1720333,0.0553133,Infer
1720333,0.060693828,Infer
1720333,0.060557715,Infer
1720333,0.056746166,Infer
1725793,0.051268114,Infer
1725793,0.055195132,Infer
1725793,0.057708057,Infer
1725793,0.066006256,Infer
1725793,0.05453682,Infer
1731262,0.058760247,Infer
1731262,0.061526572,Infer
1731262,0.057719706,Infer
1731262,0.058045123,Infer
1731262,0.060756782,Infer
1736834,0.063103707,Infer
1736834,0.064612652,Infer
1736834,0.058112644,Infer
1736834,0.058076519,Infer
1736834,0.063123097,Infer
1742522,0.059539832,Infer
1742522,0.057274144,Infer
1742522,0.062408528,Infer
1742522,0.058849958,Infer
1742522,0.064636886,Infer
1748156,0.04886664,Infer
1748156,0.056094233,Infer
1748156,0.061711265,Infer
1748156,0.056189689,Infer
1748156,0.047249619,Infer
1753452,0.052325135,Infer
1753452,0.057529265,Infer
1753452,0.06009037,Infer
1753452,0.061139797,Infer
1753452,0.058480575,Infer
1758941,0.057204657,Infer
1758941,0.063522236,Infer
1758941,0.056772976,Infer
1758941,0.06083877,Infer
1758941,0.059172381,Infer
1764522,0.05917883,Infer
1764522,0.057842924,Infer
1764522,0.057712054,Infer
1764522,0.046766008,Infer
1764522,0.054379704,Infer
1769891,0.053703147,Infer
1769891,0.056311492,Infer
1769891,0.057414153,Infer
1769891,0.060204993,Infer
1769891,0.059103335,Infer
1775379,0.059091679,Infer
1775379,0.061424548,Infer
1775379,0.061081417,Infer
1775379,0.059547551,Infer
1775379,0.05881629,Infer
1780991,0.052643189,Infer
1780991,0.059005926,Infer
1780991,0.059376486,Infer
1780991,0.058271801,Infer
1780991,0.06050449,Infer
1786498,0.048140102,Infer
1786498,0.053073208,Infer
1786498,0.062918052,Infer
1786498,0.059740155,Infer
1786498,0.06093449,Infer
1791933,0.064353587,Infer
1791933,0.060673784,Infer
1791933,0.060351142,Infer
1791933,0.058334444,Infer
1791933,0.06112078,Infer
1797616,0.048485295,Infer
1797616,0.060007826,Infer
1797616,0.073864291,Infer
1797616,0.061738265,Infer
1797616,0.062887251,Infer
